size,density,graph_type,mst_algo,mean,median,stdev,min,max,count
10,0,matrix,prims,0.0007461791014065966,0.0007436455016431864,2.163725016323722e-05,0.0007181249966379255,0.0007859580000513233,10
10,0,matrix,kruskals,0.000997070701123448,0.0009906455015880056,2.9299569414604106e-05,0.0009649580024415627,0.00105516699841246,10
10,0,list,prims,0.0003380501002538949,0.00033666699891909957,5.326140483650143e-06,0.0003312089975224808,0.00034516600135248154,10
10,0,list,kruskals,0.0005394958985561971,0.0005358754970075097,1.258082486625508e-05,0.0005253749986877665,0.0005705410003429279,10
10,25,matrix,prims,0.0007782835004036315,0.0007698124973103404,1.909493283531813e-05,0.0007607090010424145,0.0008226249992731027,10
10,25,matrix,kruskals,0.0011211873999855016,0.0011268955022387672,2.1042719654613804e-05,0.001091500002075918,0.0011470829995232634,10
10,25,list,prims,0.00039650420076213776,0.0003955415013479069,1.0063472870810493e-05,0.00038254200626397505,0.0004115410047234036,10
10,25,list,kruskals,0.0007183083005656953,0.0007152085017878562,1.4599287407513879e-05,0.0006999580000410788,0.0007466249953722581,10
10,50,matrix,prims,0.0008029459015233443,0.0008032085024751723,8.355622506813064e-06,0.0007909589985501952,0.0008121249993564561,10
10,50,matrix,kruskals,0.001188654199359007,0.0011915624963876326,2.57483526104713e-05,0.0011547920003067702,0.001240707999386359,10
10,50,list,prims,0.000431999998545507,0.0004332289972808212,6.061156254506753e-06,0.00042216700239805505,0.0004391249967738986,10
10,50,list,kruskals,0.0008217789996706415,0.0008155204996000975,2.6014651995044382e-05,0.0007911249995231628,0.0008715419971849769,10
10,75,matrix,prims,0.000810737600113498,0.0008055415019043721,1.232338940519608e-05,0.0007986669952515513,0.0008344590023625642,10
10,75,matrix,kruskals,0.0012474586001189891,0.0012448964953364339,4.456535693667726e-05,0.0011832090021925978,0.0013455830048769712,10
10,75,list,prims,0.0004529083009401802,0.0004486874968279153,1.6271221521791315e-05,0.0004376249999040738,0.000495000000228174,10
10,75,list,kruskals,0.0008872374994098209,0.0008905419999791775,4.547607672928076e-05,0.0008180420045391656,0.0009677499983808957,10
10,100,matrix,prims,0.0008149748013238422,0.0008134170057019219,1.2357283899457119e-05,0.0007984580006450415,0.0008394160031457432,10
10,100,matrix,kruskals,0.001245654100785032,0.0012408119982865173,3.9626051907859124e-05,0.001192167001136113,0.001323250005953014,10
10,100,list,prims,0.000455074998899363,0.00045291599963093176,4.874803973218369e-06,0.00045095800305716693,0.0004671669958042912,10
10,100,list,kruskals,0.0008951750984124374,0.0008936039957916364,4.414903505336074e-05,0.0008398339996347204,0.000978791998932138,10
20,0,matrix,prims,0.008896574901154964,0.00890739549868158,6.146264350406781e-05,0.008799084003840107,0.008984499996586237,10
20,0,matrix,kruskals,0.010013908402470406,0.010021396003139671,4.142330437877114e-05,0.00994366700615501,0.010057833002065308,10
20,0,list,prims,0.001459191500180168,0.0014588744998036418,9.364377037076787e-06,0.0014451250026468188,0.0014742079947609454,10
20,0,list,kruskals,0.0022167915994941723,0.0022126245021354407,2.6686324115287176e-05,0.0021887499970034696,0.0022859169985167682,10
20,25,matrix,prims,0.009159641799487871,0.009149208002781961,6.481745362822399e-05,0.009068624996871222,0.009255291995941661,10
20,25,matrix,kruskals,0.010789542000566144,0.010793104498588946,4.3439270779827226e-05,0.010713750001741573,0.010859709000214934,10
20,25,list,prims,0.0017363543018291238,0.0017396045004716143,1.2150572466827635e-05,0.001708832998701837,0.0017478750014561228,10
20,25,list,kruskals,0.003106471099454211,0.003109416997176595,3.926033282045669e-05,0.0030397919981624,0.0031615839980077,10
20,50,matrix,prims,0.00933044160119607,0.009321854002337204,4.839721978341644e-05,0.009264708001865074,0.009411416001967154,10
20,50,matrix,kruskals,0.011221783399378182,0.011220228996535297,0.00017757577204338207,0.011013417002686765,0.011653625006147195,10
20,50,list,prims,0.0019039916987821925,0.001900833500258159,1.4533257601119634e-05,0.0018876670001191087,0.0019372909955563955,10
20,50,list,kruskals,0.00358732490130933,0.003602333501476096,0.00011474766486987127,0.00342287500097882,0.0038077499993960373,10
20,75,matrix,prims,0.009570124799938639,0.009574437000992475,0.00017366805624738097,0.009285499996622093,0.009794416000659112,10
20,75,matrix,kruskals,0.011599354101053904,0.011499457999889273,0.0003103623843866938,0.01121525000053225,0.012248292005097028,10
20,75,list,prims,0.002025695701740915,0.0020021460004500113,6.3815133942729e-05,0.00198133300000336,0.0021931250012130477,10
20,75,list,kruskals,0.003908016800414771,0.003935333003028063,0.00017361291688749902,0.003637709000031464,0.0042192089968011715,10
20,100,matrix,prims,0.009537629101396305,0.009524583001621068,0.00014465500678405126,0.009346459002699703,0.009754417005751748,10
20,100,matrix,kruskals,0.01159127070059185,0.011616333002166357,0.0002181403750016848,0.011226415997953154,0.011921249999431893,10
20,100,list,prims,0.002050595601031091,0.0020314579996920656,5.610028012835983e-05,0.0019995000038761646,0.002158291004889179,10
20,100,list,kruskals,0.003971658400405431,0.0039441670014639385,0.00015500838077114242,0.0037154590027057566,0.0042384999978821725,10
50,0,matrix,prims,0.3305750627005182,0.3266652710008202,0.0164560914819046,0.31641291599953547,0.37058387500292156,10
50,0,matrix,kruskals,0.3560965957993176,0.35353804199621663,0.0175813399619748,0.3356242910012952,0.38059079099912196,10
50,0,list,prims,0.01807466250102152,0.014565791501809144,0.00638348792997284,0.013117125003191177,0.027979083999525756,10
50,0,list,kruskals,0.015550487498694565,0.015305228997021914,0.0011027103253731904,0.014448209003603552,0.017125874997873325,10
50,25,matrix,prims,0.3285795919007796,0.32888006300345296,0.005334861058145938,0.31969904199650045,0.3376612079955521,10
50,25,matrix,kruskals,0.359233954098454,0.3496203959948616,0.023071855098512152,0.3377199999958975,0.4128564999991795,10
50,25,list,prims,0.018051237300096546,0.016127187500387663,0.0051712677201053376,0.014707124995766208,0.028135499997006264,10
50,25,list,kruskals,0.021842641400144202,0.02187754150145338,0.0003165254729514749,0.02140000000508735,0.022277125004620757,10
50,50,matrix,prims,0.33651308320040696,0.32931245799773023,0.022883197727107417,0.3221293329988839,0.399905584003136,10
50,50,matrix,kruskals,0.36262203750011396,0.3514082709989452,0.024232698222349403,0.34435054200002924,0.421807708000415,10
50,50,list,prims,0.02195384590086178,0.019020291500055464,0.0060448909647417325,0.01607095900544664,0.029677999998966698,10
50,50,list,kruskals,0.026213400100823493,0.026109728998562787,0.001314709491951506,0.02439520799816819,0.029275000000779983,10
50,75,matrix,prims,0.3326361375991837,0.33192554199922597,0.006214185388681189,0.32514412500313483,0.34525899999425747,10
50,75,matrix,kruskals,0.36176657490141223,0.3593545625008119,0.012530162448675506,0.34484145800524857,0.38707720799720846,10
50,75,list,prims,0.021705087399459443,0.018851020504371263,0.005560244069202181,0.016901333998248447,0.029769415996270254,10
50,75,list,kruskals,0.028328137400239938,0.027972541502094828,0.0016405087213453829,0.026292540998838376,0.03101783400052227,10
50,100,matrix,prims,0.3291299669013824,0.3281146249973972,0.005226393255638286,0.32194354200328235,0.33741595900210086,10
50,100,matrix,kruskals,0.36818257909981184,0.37166139550026855,0.011626135626665493,0.3474026249969029,0.380659291993652,10
50,100,list,prims,0.01972277500099153,0.01736364600219531,0.0051786332548126295,0.016966208000667393,0.029660375003004447,10
50,100,list,kruskals,0.029471633399953134,0.028157625001767883,0.004636874096820144,0.027230625004449394,0.04257266700005857,10
100,0,matrix,prims,5.562088308401871,5.440131146002386,0.4786065223945647,4.997944833005022,6.453054000005068,10
100,0,matrix,kruskals,6.266528291701252,5.753350228496856,1.0518303802236884,5.340937834000215,7.958351250003034,10
100,0,list,prims,0.25758129590103634,0.20502864550144295,0.17193918560008054,0.11105837499781046,0.5633949590046541,10
100,0,list,kruskals,0.16505053339933512,0.0657587709974905,0.17095124846270737,0.06069995799771277,0.47832979200029513,10
100,25,matrix,prims,5.723886300200684,5.704268875000707,0.3902152198299969,5.219685666997975,6.285143583998433,10
100,25,matrix,kruskals,6.55247891649924,6.252227375000075,0.7652400451906683,5.5965368329998455,8.005290665998473,10
100,25,list,prims,0.29020366260228914,0.2324384795028891,0.24008763374237063,0.12112700000579935,0.909472375002224,10
100,25,list,kruskals,0.2035103333990264,0.10788295849852148,0.14493978015989606,0.08995854199747555,0.4695506669959286,10
100,50,matrix,prims,6.019860758401046,5.843954354499147,0.5689017850711127,5.3379304589980165,6.857745125002111,10
100,50,matrix,kruskals,6.3292279166984375,6.151641124499292,0.6139741380697686,5.765728334001324,7.813221707998309,10
100,50,list,prims,0.2769322875996295,0.15149739599655732,0.23648409717022686,0.12569508400338236,0.8630456249957206,10
100,50,list,kruskals,0.1712551999007701,0.12087160400187713,0.08692169926387935,0.11124079200089909,0.30102150000311667,10
100,75,matrix,prims,6.013580924998678,5.971290374498494,0.5710987386865125,5.104366499996104,7.102228291994834,10
100,75,matrix,kruskals,6.465359153899044,6.257028416501271,0.587854570634948,5.7756412499948055,7.361944999996922,10
100,75,list,prims,0.31709090009899227,0.29555162500037113,0.2327660129005943,0.1273014999969746,0.9331296250020387,10
100,75,list,kruskals,0.18080949599825544,0.1332598750013858,0.08634736517728761,0.11698249999608379,0.3112959589998354,10
100,100,matrix,prims,5.63109874149959,5.591255250001268,0.3559745440460445,4.971493165998254,6.303465249999135,10
100,100,matrix,kruskals,6.335672058400815,6.156690812498709,0.8465667840472013,5.435692375001963,8.054067584002041,10
100,100,list,prims,0.30108026249945397,0.15697804149749572,0.2560176742053205,0.13815687500027707,0.8386150000005728,10
100,100,list,kruskals,0.16430583350011146,0.1292107084991585,0.07418458277229316,0.12095749999571126,0.3059784170036437,10
