size,density,graph_type,mst_algo,maze_num,runtime
10,0,matrix,prims,0,0.0007126670025172643
10,0,matrix,kruskals,0,0.00098654099565465
10,0,list,prims,0,0.0003345000004628673
10,0,list,kruskals,0,0.0005342080039554276
10,0,matrix,prims,1,0.0007515830002375878
10,0,matrix,kruskals,1,0.0009490000011282973
10,0,list,prims,1,0.000338249999913387
10,0,list,kruskals,1,0.0005295829978422262
10,0,matrix,prims,2,0.0007183330017141998
10,0,matrix,kruskals,2,0.0009407499965163879
10,0,list,prims,2,0.0003206249966751784
10,0,list,kruskals,2,0.0005123749942868017
10,0,matrix,prims,3,0.0007145409981603734
10,0,matrix,kruskals,3,0.0009510419986327179
10,0,list,prims,3,0.000323874999594409
10,0,list,kruskals,3,0.0005170830045244657
10,0,matrix,prims,4,0.0007079999995767139
10,0,matrix,kruskals,4,0.0009632500004954636
10,0,list,prims,4,0.00032125000143423676
10,0,list,kruskals,4,0.0005204999979468994
10,0,matrix,prims,5,0.0007081670046318322
10,0,matrix,kruskals,5,0.0009684169999673031
10,0,list,prims,5,0.00035812499845633283
10,0,list,kruskals,5,0.0005249160021776333
10,0,matrix,prims,6,0.0007184170026448555
10,0,matrix,kruskals,6,0.0009672500018496066
10,0,list,prims,6,0.0003300829994259402
10,0,list,kruskals,6,0.0005177499988349155
10,0,matrix,prims,7,0.0007197079976322129
10,0,matrix,kruskals,7,0.0009547500012558885
10,0,list,prims,7,0.0003210829963791184
10,0,list,kruskals,7,0.0005334169982234016
10,0,matrix,prims,8,0.0007006250016274862
10,0,matrix,kruskals,8,0.0009755829960340634
10,0,list,prims,8,0.0003480830055195838
10,0,list,kruskals,8,0.0005249579990049824
10,0,matrix,prims,9,0.0007117079949239269
10,0,matrix,kruskals,9,0.0009365410005557351
10,0,list,prims,9,0.00035154200304532424
10,0,list,kruskals,9,0.0005207499998505227
10,25,matrix,prims,0,0.0007709159981459379
10,25,matrix,kruskals,0,0.0011065420039813034
10,25,list,prims,0,0.0003764590001082979
10,25,list,kruskals,0,0.0007206250011222437
10,25,matrix,prims,1,0.0008424589977948926
10,25,matrix,kruskals,1,0.0010935419995803386
10,25,list,prims,1,0.00038425000093411654
10,25,list,kruskals,1,0.0007135829946491867
10,25,matrix,prims,2,0.0008625839982414618
10,25,matrix,kruskals,2,0.0011089159961557016
10,25,list,prims,2,0.00038283400499494746
10,25,list,kruskals,2,0.0007012910064077005
10,25,matrix,prims,3,0.0007437500025844201
10,25,matrix,kruskals,3,0.0011267500012763776
10,25,list,prims,3,0.0003905420016963035
10,25,list,kruskals,3,0.000721415999578312
10,25,matrix,prims,4,0.0007487080001737922
10,25,matrix,kruskals,4,0.001083875002223067
10,25,list,prims,4,0.00037620800139848143
10,25,list,kruskals,4,0.0006836249958723783
10,25,matrix,prims,5,0.0007666669989703223
10,25,matrix,kruskals,5,0.0011179590001120232
10,25,list,prims,5,0.00038129199674585834
10,25,list,kruskals,5,0.0006931669995537959
10,25,matrix,prims,6,0.0007373749976977706
10,25,matrix,kruskals,6,0.0011437909997766837
10,25,list,prims,6,0.0003852910012938082
10,25,list,kruskals,6,0.0007014160000835545
10,25,matrix,prims,7,0.0007347080027102493
10,25,matrix,kruskals,7,0.0010890409976127557
10,25,list,prims,7,0.00041429200064158067
10,25,list,kruskals,7,0.0006756250004400499
10,25,matrix,prims,8,0.0007299580029211938
10,25,matrix,kruskals,8,0.0010562500028754584
10,25,list,prims,8,0.0003786669985856861
10,25,list,kruskals,8,0.0006555829968419857
10,25,matrix,prims,9,0.0007264170053531416
10,25,matrix,kruskals,9,0.0010747080013970844
10,25,list,prims,9,0.0003887919956468977
10,25,list,kruskals,9,0.0006717500000377186
10,50,matrix,prims,0,0.0007805409986758605
10,50,matrix,kruskals,0,0.0011739999972633086
10,50,list,prims,0,0.0004288339987397194
10,50,list,kruskals,0,0.0008142080041579902
10,50,matrix,prims,1,0.0007902919969637878
10,50,matrix,kruskals,1,0.0011172090016771108
10,50,list,prims,1,0.00040720800461713225
10,50,list,kruskals,1,0.0007593750051455572
10,50,matrix,prims,2,0.0007598329975735396
10,50,matrix,kruskals,2,0.0011861250022775494
10,50,list,prims,2,0.0004203749995213002
10,50,list,kruskals,2,0.0008130419955705293
10,50,matrix,prims,3,0.0007508749986300245
10,50,matrix,kruskals,3,0.0011092920030932873
10,50,list,prims,3,0.00042062500142492354
10,50,list,kruskals,3,0.0007531250012107193
10,50,matrix,prims,4,0.0008083749999059364
10,50,matrix,kruskals,4,0.0011280000035185367
10,50,list,prims,4,0.00041487499402137473
10,50,list,kruskals,4,0.0007673330037505366
10,50,matrix,prims,5,0.0008321669956785627
10,50,matrix,kruskals,5,0.0011516659942572005
10,50,list,prims,5,0.0004093329989700578
10,50,list,kruskals,5,0.0007662499992875382
10,50,matrix,prims,6,0.000771790997532662
10,50,matrix,kruskals,6,0.0011434170010033995
10,50,list,prims,6,0.00040666700078872964
10,50,list,kruskals,6,0.0007584589984617196
10,50,matrix,prims,7,0.0007610000029671937
10,50,matrix,kruskals,7,0.0011882909966516308
10,50,list,prims,7,0.00042058299732161686
10,50,list,kruskals,7,0.0007983749965205789
10,50,matrix,prims,8,0.0007622080011060461
10,50,matrix,kruskals,8,0.0012951250027981587
10,50,list,prims,8,0.00040358300611842424
10,50,list,kruskals,8,0.0007654169967281632
10,50,matrix,prims,9,0.0007534169999416918
10,50,matrix,kruskals,9,0.0013002920022699982
10,50,list,prims,9,0.0004158749943599105
10,50,list,kruskals,9,0.00079645799996797
10,75,matrix,prims,0,0.0008046670045587234
10,75,matrix,kruskals,0,0.0012758340017171577
10,75,list,prims,0,0.0004622089982149191
10,75,list,kruskals,0,0.0008599580032750964
10,75,matrix,prims,1,0.0007782910033711232
10,75,matrix,kruskals,1,0.0012189580011181533
10,75,list,prims,1,0.0004542090027825907
10,75,list,kruskals,1,0.0008362090011360124
10,75,matrix,prims,2,0.0007983750037965365
10,75,matrix,kruskals,2,0.0012569160026032478
10,75,list,prims,2,0.0004563330003293231
10,75,list,kruskals,2,0.0008808750062598847
10,75,matrix,prims,3,0.0007761250017210841
10,75,matrix,kruskals,3,0.0011994590022368357
10,75,list,prims,3,0.0004393330018501729
10,75,list,kruskals,3,0.0007998750006663613
10,75,matrix,prims,4,0.0007607920051668771
10,75,matrix,kruskals,4,0.0011792499935836531
10,75,list,prims,4,0.00048558299749856815
10,75,list,kruskals,4,0.000858457999129314
10,75,matrix,prims,5,0.0007646250014659017
10,75,matrix,kruskals,5,0.0011367499973857775
10,75,list,prims,5,0.0004381670005386695
10,75,list,kruskals,5,0.0007865839943406172
10,75,matrix,prims,6,0.0007719579953118227
10,75,matrix,kruskals,6,0.001232125003298279
10,75,list,prims,6,0.00044712499948218465
10,75,list,kruskals,6,0.0008752080029807985
10,75,matrix,prims,7,0.0007640420008101501
10,75,matrix,kruskals,7,0.0011489999960758723
10,75,list,prims,7,0.00042499999835854396
10,75,list,kruskals,7,0.0008710830006748438
10,75,matrix,prims,8,0.000764458003686741
10,75,matrix,kruskals,8,0.0011802919980254956
10,75,list,prims,8,0.0004253330043866299
10,75,list,kruskals,8,0.0009610000051907264
10,75,matrix,prims,9,0.0007721250003669411
10,75,matrix,kruskals,9,0.0011985000019194558
10,75,list,prims,9,0.00042479099647607654
10,75,list,kruskals,9,0.0009557910016155802
10,100,matrix,prims,0,0.0007709999990765937
10,100,matrix,kruskals,0,0.001195499993627891
10,100,list,prims,0,0.0004459589981706813
10,100,list,kruskals,0,0.0009597500029485673
10,100,matrix,prims,1,0.0007673340005567297
10,100,matrix,kruskals,1,0.0011767079995479435
10,100,list,prims,1,0.000429540996265132
10,100,list,kruskals,1,0.0008630829979665577
10,100,matrix,prims,2,0.0007981249946169555
10,100,matrix,kruskals,2,0.0012432499934220687
10,100,list,prims,2,0.00043487500079208985
10,100,list,kruskals,2,0.0009224590030498803
10,100,matrix,prims,3,0.0007774999976390973
10,100,matrix,kruskals,3,0.001213833995279856
10,100,list,prims,3,0.0004385840002214536
10,100,list,kruskals,3,0.0008470839966321364
10,100,matrix,prims,4,0.0007800419989507645
10,100,matrix,kruskals,4,0.0012435419994289987
10,100,list,prims,4,0.0004373339979792945
10,100,list,kruskals,4,0.000902915999176912
10,100,matrix,prims,5,0.0007594159978907555
10,100,matrix,kruskals,5,0.0011732080020010471
10,100,list,prims,5,0.00044550000166054815
10,100,list,kruskals,5,0.0008270419930340722
10,100,matrix,prims,6,0.000779333000537008
10,100,matrix,kruskals,6,0.001200708000396844
10,100,list,prims,6,0.0004353340045781806
10,100,list,kruskals,6,0.0008445420025964268
10,100,matrix,prims,7,0.0007643749995622784
10,100,matrix,kruskals,7,0.0012026670010527596
10,100,list,prims,7,0.0004354999982751906
10,100,list,kruskals,7,0.0008516249945387244
10,100,matrix,prims,8,0.0007832089977455325
10,100,matrix,kruskals,8,0.0012369579999358393
10,100,list,prims,8,0.00044054199679521844
10,100,list,kruskals,8,0.0008714170035091229
10,100,matrix,prims,9,0.0007804589986335486
10,100,matrix,kruskals,9,0.0012115420031477697
10,100,list,prims,9,0.00044329199590720236
10,100,list,kruskals,9,0.0008536669993191026
20,0,matrix,prims,0,0.008573792001698166
20,0,matrix,kruskals,0,0.010509207997529302
20,0,list,prims,0,0.0014341669957502745
20,0,list,kruskals,0,0.00222724999912316
20,0,matrix,prims,1,0.008803208002063911
20,0,matrix,kruskals,1,0.009775375001481734
20,0,list,prims,1,0.0014093749996391125
20,0,list,kruskals,1,0.0021882090004510246
20,0,matrix,prims,2,0.008815959001367446
20,0,matrix,kruskals,2,0.009633624998969026
20,0,list,prims,2,0.0014475420030066743
20,0,list,kruskals,2,0.0021335419951356016
20,0,matrix,prims,3,0.008591792000515852
20,0,matrix,kruskals,3,0.010060958004032727
20,0,list,prims,3,0.0013903330036555417
20,0,list,kruskals,3,0.002133249996404629
20,0,matrix,prims,4,0.00862858300388325
20,0,matrix,kruskals,4,0.00959625000541564
20,0,list,prims,4,0.0014236670031095855
20,0,list,kruskals,4,0.002137292001862079
20,0,matrix,prims,5,0.008577250002417713
20,0,matrix,kruskals,5,0.009732958998938557
20,0,list,prims,5,0.0014016659988556057
20,0,list,kruskals,5,0.002147541999875102
20,0,matrix,prims,6,0.008571042002586182
20,0,matrix,kruskals,6,0.014368916003149934
20,0,list,prims,6,0.001508541994553525
20,0,list,kruskals,6,0.0021712090019718744
20,0,matrix,prims,7,0.008794540997769218
20,0,matrix,kruskals,7,0.0097579580033198
20,0,list,prims,7,0.0014004580007167533
20,0,list,kruskals,7,0.0021483329983311705
20,0,matrix,prims,8,0.00872637500287965
20,0,matrix,kruskals,8,0.009717166001792066
20,0,list,prims,8,0.0014365409952006303
20,0,list,kruskals,8,0.0022088330006226897
20,0,matrix,prims,9,0.008718334000150207
20,0,matrix,kruskals,9,0.009736874999362044
20,0,list,prims,9,0.001397041000018362
20,0,list,kruskals,9,0.0021373750059865415
20,25,matrix,prims,0,0.00904916699801106
20,25,matrix,kruskals,0,0.01034445899858838
20,25,list,prims,0,0.0016801250021671876
20,25,list,kruskals,0,0.003172833996359259
20,25,matrix,prims,1,0.009099625000089873
20,25,matrix,kruskals,1,0.010559709000517614
20,25,list,prims,1,0.0016819579977891408
20,25,list,kruskals,1,0.0030517499981215224
20,25,matrix,prims,2,0.009037208001245745
20,25,matrix,kruskals,2,0.010662291002518032
20,25,list,prims,2,0.001674166000157129
20,25,list,kruskals,2,0.003049917002499569
20,25,matrix,prims,3,0.009131165999860968
20,25,matrix,kruskals,3,0.010560667004028801
20,25,list,prims,3,0.0016924999945331365
20,25,list,kruskals,3,0.002981833000376355
20,25,matrix,prims,4,0.00895870800013654
20,25,matrix,kruskals,4,0.010505208003451116
20,25,list,prims,4,0.0016995840051095001
20,25,list,kruskals,4,0.003240582998842001
20,25,matrix,prims,5,0.009007000000565313
20,25,matrix,kruskals,5,0.010452208000060637
20,25,list,prims,5,0.0016860420000739396
20,25,list,kruskals,5,0.003068958001676947
20,25,matrix,prims,6,0.00893187500332715
20,25,matrix,kruskals,6,0.010439290999784134
20,25,list,prims,6,0.0016746670007705688
20,25,list,kruskals,6,0.003104124996752944
20,25,matrix,prims,7,0.008940250001614913
20,25,matrix,kruskals,7,0.010344041002099402
20,25,list,prims,7,0.001668416996835731
20,25,list,kruskals,7,0.0029333340062294155
20,25,matrix,prims,8,0.009041290999448393
20,25,matrix,kruskals,8,0.010352959005103912
20,25,list,prims,8,0.0016850829997565597
20,25,list,kruskals,8,0.0030471659993054345
20,25,matrix,prims,9,0.008958917002019007
20,25,matrix,kruskals,9,0.01039104200026486
20,25,list,prims,9,0.0016977909981505945
20,25,list,kruskals,9,0.0029275839988258667
20,50,matrix,prims,0,0.009323457998107187
20,50,matrix,kruskals,0,0.010904791997745633
20,50,list,prims,0,0.0018262500016135164
20,50,list,kruskals,0,0.0039039170005708
20,50,matrix,prims,1,0.008993458999611903
20,50,matrix,kruskals,1,0.010764667000330519
20,50,list,prims,1,0.0018426249953336082
20,50,list,kruskals,1,0.003589583000575658
20,50,matrix,prims,2,0.009104999997362029
20,50,matrix,kruskals,2,0.01131349999923259
20,50,list,prims,2,0.0019263329959358089
20,50,list,kruskals,2,0.0035282080061733723
20,50,matrix,prims,3,0.009064790996490046
20,50,matrix,kruskals,3,0.010725208005169407
20,50,list,prims,3,0.0018504999970900826
20,50,list,kruskals,3,0.003563042002497241
20,50,matrix,prims,4,0.009049250002135523
20,50,matrix,kruskals,4,0.010696541998186149
20,50,list,prims,4,0.0018665410025278106
20,50,list,kruskals,4,0.003298042000096757
20,50,matrix,prims,5,0.009178332998999394
20,50,matrix,kruskals,5,0.010786833998281509
20,50,list,prims,5,0.0018421249988023192
20,50,list,kruskals,5,0.0034939160032081418
20,50,matrix,prims,6,0.009137417000602
20,50,matrix,kruskals,6,0.01105666600051336
20,50,list,prims,6,0.0018621660055941902
20,50,list,kruskals,6,0.0036454579967539757
20,50,matrix,prims,7,0.009103541997319553
20,50,matrix,kruskals,7,0.010841041999810841
20,50,list,prims,7,0.0018501250015106052
20,50,list,kruskals,7,0.0035503749968484044
20,50,matrix,prims,8,0.009091083004022948
20,50,matrix,kruskals,8,0.011180458997841924
20,50,list,prims,8,0.0018366669974057004
20,50,list,kruskals,8,0.0035745000059250742
20,50,matrix,prims,9,0.00897508400521474
20,50,matrix,kruskals,9,0.0110290829979931
20,50,list,prims,9,0.0018897499976446852
20,50,list,kruskals,9,0.0036474579974310473
20,75,matrix,prims,0,0.009329958003945649
20,75,matrix,kruskals,0,0.011190124998393003
20,75,list,prims,0,0.0019565000038710423
20,75,list,kruskals,0,0.003843291000521276
20,75,matrix,prims,1,0.009165499999653548
20,75,matrix,kruskals,1,0.011187666998011991
20,75,list,prims,1,0.0019425830032560043
20,75,list,kruskals,1,0.0037353330044425093
20,75,matrix,prims,2,0.009093290995224379
20,75,matrix,kruskals,2,0.010989541995513719
20,75,list,prims,2,0.0019150420048390515
20,75,list,kruskals,2,0.003602959004638251
20,75,matrix,prims,3,0.00916558300377801
20,75,matrix,kruskals,3,0.011995458000455983
20,75,list,prims,3,0.0020524999999906868
20,75,list,kruskals,3,0.0037663749972125515
20,75,matrix,prims,4,0.009298915996623691
20,75,matrix,kruskals,4,0.011212500001420267
20,75,list,prims,4,0.001955250001628883
20,75,list,kruskals,4,0.003956915999879129
20,75,matrix,prims,5,0.00937904100283049
20,75,matrix,kruskals,5,0.010911582998232916
20,75,list,prims,5,0.001957583001058083
20,75,list,kruskals,5,0.003606958001910243
20,75,matrix,prims,6,0.00926308299676748
20,75,matrix,kruskals,6,0.011502834000566509
20,75,list,prims,6,0.0020454999976209365
20,75,list,kruskals,6,0.003872541004966479
20,75,matrix,prims,7,0.009204959002090618
20,75,matrix,kruskals,7,0.010940917003608774
20,75,list,prims,7,0.0020194999960949644
20,75,list,kruskals,7,0.0036338749996502884
20,75,matrix,prims,8,0.00915412499307422
20,75,matrix,kruskals,8,0.011150292004458606
20,75,list,prims,8,0.00202237499615876
20,75,list,kruskals,8,0.0038334159980877303
20,75,matrix,prims,9,0.009266290995583404
20,75,matrix,kruskals,9,0.011153250001370907
20,75,list,prims,9,0.0019927080065826885
20,75,list,kruskals,9,0.0037685829956899397
20,100,matrix,prims,0,0.009317290998296812
20,100,matrix,kruskals,0,0.011341208002704661
20,100,list,prims,0,0.001979209002456628
20,100,list,kruskals,0,0.00409758400201099
20,100,matrix,prims,1,0.009352957997180056
20,100,matrix,kruskals,1,0.011401167001167778
20,100,list,prims,1,0.001984000002266839
20,100,list,kruskals,1,0.003957083004934248
20,100,matrix,prims,2,0.009280665995902382
20,100,matrix,kruskals,2,0.011174999999639113
20,100,list,prims,2,0.001948249999259133
20,100,list,kruskals,2,0.003820958998403512
20,100,matrix,prims,3,0.009187666000798345
20,100,matrix,kruskals,3,0.011100542003987357
20,100,list,prims,3,0.0019471670020720921
20,100,list,kruskals,3,0.0037889169980189763
20,100,matrix,prims,4,0.009124834003159776
20,100,matrix,kruskals,4,0.011023833001672756
20,100,list,prims,4,0.0019664159990497865
20,100,list,kruskals,4,0.0038616669990005903
20,100,matrix,prims,5,0.009310249995905906
20,100,matrix,kruskals,5,0.011381541997252498
20,100,list,prims,5,0.0019821669993689284
20,100,list,kruskals,5,0.003916958004992921
20,100,matrix,prims,6,0.009280166996177286
20,100,matrix,kruskals,6,0.011385459001758136
20,100,list,prims,6,0.0019609999944805168
20,100,list,kruskals,6,0.0040972920032800175
20,100,matrix,prims,7,0.00926258300023619
20,100,matrix,kruskals,7,0.011306083004456013
20,100,list,prims,7,0.001987542003917042
20,100,list,kruskals,7,0.004040207997604739
20,100,matrix,prims,8,0.00927287500235252
20,100,matrix,kruskals,8,0.011284957996394951
20,100,list,prims,8,0.0020040830058860593
20,100,list,kruskals,8,0.003973458005930297
20,100,matrix,prims,9,0.009426541997527238
20,100,matrix,kruskals,9,0.011316040996462107
20,100,list,prims,9,0.001970584002265241
20,100,list,kruskals,9,0.003998082996986341
50,0,matrix,prims,0,0.31225545800407417
50,0,matrix,kruskals,0,0.3455566250049742
50,0,list,prims,0,0.013062458994681947
50,0,list,kruskals,0,0.014642583999375347
50,0,matrix,prims,1,0.3264430409981287
50,0,matrix,kruskals,1,0.4517446660029236
50,0,list,prims,1,0.013954874993942212
50,0,list,kruskals,1,0.01566737500252202
50,0,matrix,prims,2,0.40379558299900964
50,0,matrix,kruskals,2,0.34489333300007274
50,0,list,prims,2,0.013748208999459166
50,0,list,kruskals,2,0.015338500001234934
50,0,matrix,prims,3,0.33028475000173785
50,0,matrix,kruskals,3,0.33485662499879254
50,0,list,prims,3,0.013681750002433546
50,0,list,kruskals,3,0.023867333999078255
50,0,matrix,prims,4,0.3254556669999147
50,0,matrix,kruskals,4,0.3334688750037458
50,0,list,prims,4,0.026373499997134786
50,0,list,kruskals,4,0.014903542003594339
50,0,matrix,prims,5,0.3227692090003984
50,0,matrix,kruskals,5,0.3367130830010865
50,0,list,prims,5,0.014473791998170782
50,0,list,kruskals,5,0.01461600000038743
50,0,matrix,prims,6,0.3519322919964907
50,0,matrix,kruskals,6,0.3510055000006105
50,0,list,prims,6,0.013366582999879029
50,0,list,kruskals,6,0.014245332997234073
50,0,matrix,prims,7,0.3121179160007159
50,0,matrix,kruskals,7,0.33444029100064654
50,0,list,prims,7,0.013317459000973031
50,0,list,kruskals,7,0.01452945799974259
50,0,matrix,prims,8,0.31886862499959534
50,0,matrix,kruskals,8,0.3349142090009991
50,0,list,prims,8,0.025130292000540067
50,0,list,kruskals,8,0.015402292003273033
50,0,matrix,prims,9,0.35085624999919673
50,0,matrix,kruskals,9,0.34112625000125263
50,0,list,prims,9,0.028440083005989436
50,0,list,kruskals,9,0.018270665997988544
50,25,matrix,prims,0,0.3246075000060955
50,25,matrix,kruskals,0,0.36883233400294557
50,25,list,prims,0,0.015015791999758221
50,25,list,kruskals,0,0.021162500001082662
50,25,matrix,prims,1,0.3259364170007757
50,25,matrix,kruskals,1,0.43146716699993704
50,25,list,prims,1,0.014600750000681728
50,25,list,kruskals,1,0.021303125002305023
50,25,matrix,prims,2,0.36592454200581415
50,25,matrix,kruskals,2,0.33628466699883575
50,25,list,prims,2,0.014962249995733146
50,25,list,kruskals,2,0.021717249997891486
50,25,matrix,prims,3,0.3250583330009249
50,25,matrix,kruskals,3,0.3797400830007973
50,25,list,prims,3,0.014893250001478009
50,25,list,kruskals,3,0.02179700000124285
50,25,matrix,prims,4,0.33259320900106104
50,25,matrix,kruskals,4,0.3328469580010278
50,25,list,prims,4,0.014897875000315253
50,25,list,kruskals,4,0.020963374998245854
50,25,matrix,prims,5,0.31755183399945963
50,25,matrix,kruskals,5,0.3338717500009807
50,25,list,prims,5,0.014864374999888241
50,25,list,kruskals,5,0.020865917002083734
50,25,matrix,prims,6,0.32370991700008744
50,25,matrix,kruskals,6,0.38978758300072514
50,25,list,prims,6,0.016143417000421323
50,25,list,kruskals,6,0.02335466600197833
50,25,matrix,prims,7,0.3201697080003214
50,25,matrix,kruskals,7,0.3477070829976583
50,25,list,prims,7,0.015429790997586679
50,25,list,kruskals,7,0.02169254200271098
50,25,matrix,prims,8,0.33504804199765204
50,25,matrix,kruskals,8,0.33832720799546223
50,25,list,prims,8,0.014836917005595751
50,25,list,kruskals,8,0.020808332999877166
50,25,matrix,prims,9,0.31657716700283345
50,25,matrix,kruskals,9,0.33858462500211317
50,25,list,prims,9,0.014903167000738904
50,25,list,kruskals,9,0.020763291002367623
50,50,matrix,prims,0,0.3352649590015062
50,50,matrix,kruskals,0,0.3907589999944321
50,50,list,prims,0,0.016144000001077075
50,50,list,kruskals,0,0.040411834001133684
50,50,matrix,prims,1,0.32184324999980163
50,50,matrix,kruskals,1,0.3431459999992512
50,50,list,prims,1,0.028899208002258092
50,50,list,kruskals,1,0.025099624996073544
50,50,matrix,prims,2,0.32680462500138674
50,50,matrix,kruskals,2,0.33989199999632547
50,50,list,prims,2,0.01606266599992523
50,50,list,kruskals,2,0.025040624997927807
50,50,matrix,prims,3,0.32218666699918685
50,50,matrix,kruskals,3,0.40818045899504796
50,50,list,prims,3,0.016511333000380546
50,50,list,kruskals,3,0.024279124998429324
50,50,matrix,prims,4,0.31498062500031665
50,50,matrix,kruskals,4,0.34635670900024706
50,50,list,prims,4,0.01604395799949998
50,50,list,kruskals,4,0.024515292003343347
50,50,matrix,prims,5,0.3213134999969043
50,50,matrix,kruskals,5,0.37309962500148686
50,50,list,prims,5,0.01589441700343741
50,50,list,kruskals,5,0.03892512499442091
50,50,matrix,prims,6,0.3198759590013651
50,50,matrix,kruskals,6,0.34091108400025405
50,50,list,prims,6,0.02855999999883352
50,50,list,kruskals,6,0.025401750004675705
50,50,matrix,prims,7,0.3307212090003304
50,50,matrix,kruskals,7,0.36749791700276546
50,50,list,prims,7,0.015687915998569224
50,50,list,kruskals,7,0.02575716600404121
50,50,matrix,prims,8,0.3267144580022432
50,50,matrix,kruskals,8,0.33459729199967114
50,50,list,prims,8,0.027569792000576854
50,50,list,kruskals,8,0.024136250001902226
50,50,matrix,prims,9,0.3189000839993241
50,50,matrix,kruskals,9,0.3430520840047393
50,50,list,prims,9,0.016135582998686004
50,50,list,kruskals,9,0.02633008299744688
50,75,matrix,prims,0,0.31945324999833247
50,75,matrix,kruskals,0,0.3379684579995228
50,75,list,prims,0,0.028203417001350317
50,75,list,kruskals,0,0.026889332999417093
50,75,matrix,prims,1,0.31837808300042525
50,75,matrix,kruskals,1,0.3398327920003794
50,75,list,prims,1,0.01613704200281063
50,75,list,kruskals,1,0.027093707998574246
50,75,matrix,prims,2,0.3175738329955493
50,75,matrix,kruskals,2,0.3434978340010275
50,75,list,prims,2,0.01705420800135471
50,75,list,kruskals,2,0.04151358300441643
50,75,matrix,prims,3,0.32417745899874717
50,75,matrix,kruskals,3,0.35529854200285627
50,75,list,prims,3,0.016854707995662466
50,75,list,kruskals,3,0.027987166999082547
50,75,matrix,prims,4,0.33125391700014006
50,75,matrix,kruskals,4,0.3956732500009821
50,75,list,prims,4,0.016324333002557978
50,75,list,kruskals,4,0.028772375000698958
50,75,matrix,prims,5,0.318570000003092
50,75,matrix,kruskals,5,0.33690037499764003
50,75,list,prims,5,0.01646825000352692
50,75,list,kruskals,5,0.026161916001001373
50,75,matrix,prims,6,0.33929933400213486
50,75,matrix,kruskals,6,0.3390144590011914
50,75,list,prims,6,0.016746165994845796
50,75,list,kruskals,6,0.02704950000043027
50,75,matrix,prims,7,0.3309302920024493
50,75,matrix,kruskals,7,0.3375093750000815
50,75,list,prims,7,0.016834916998050176
50,75,list,kruskals,7,0.027729750006983522
50,75,matrix,prims,8,0.32601175000309013
50,75,matrix,kruskals,8,0.3410118749961839
50,75,list,prims,8,0.016519000004336704
50,75,list,kruskals,8,0.027897374995518476
50,75,matrix,prims,9,0.31712220900226384
50,75,matrix,kruskals,9,0.3390360840057838
50,75,list,prims,9,0.016511209003510885
50,75,list,kruskals,9,0.025592792000679765
50,100,matrix,prims,0,0.32200812499650056
50,100,matrix,kruskals,0,0.3600146250028047
50,100,list,prims,0,0.01703020800050581
50,100,list,kruskals,0,0.02705308300210163
50,100,matrix,prims,1,0.3187526670008083
50,100,matrix,kruskals,1,0.3688375830024597
50,100,list,prims,1,0.016696250000677537
50,100,list,kruskals,1,0.027342459005012643
50,100,matrix,prims,2,0.3257040840035188
50,100,matrix,kruskals,2,0.3711352909958805
50,100,list,prims,2,0.01685416700638598
50,100,list,kruskals,2,0.027293957995425444
50,100,matrix,prims,3,0.36129250000522006
50,100,matrix,kruskals,3,0.3662921249997453
50,100,list,prims,3,0.016869375001988374
50,100,list,kruskals,3,0.04196099999535363
50,100,matrix,prims,4,0.3279528329949244
50,100,matrix,kruskals,4,0.37048987500020303
50,100,list,prims,4,0.016956291001406498
50,100,list,kruskals,4,0.05013404199416982
50,100,matrix,prims,5,0.32622708300186787
50,100,matrix,kruskals,5,0.3662599169983878
50,100,list,prims,5,0.016470834001665935
50,100,list,kruskals,5,0.026777583996590693
50,100,matrix,prims,6,0.33035929199832026
50,100,matrix,kruskals,6,0.36797795799793676
50,100,list,prims,6,0.016329124999174383
50,100,list,kruskals,6,0.02703425000072457
50,100,matrix,prims,7,0.32851570800266927
50,100,matrix,kruskals,7,0.36757091600156855
50,100,list,prims,7,0.017136499998741783
50,100,list,kruskals,7,0.02781700000195997
50,100,matrix,prims,8,0.3365873750008177
50,100,matrix,kruskals,8,0.34718779099785024
50,100,list,prims,8,0.028560083999764174
50,100,list,kruskals,8,0.026866708001762163
50,100,matrix,prims,9,0.3197505420030211
50,100,matrix,kruskals,9,0.346235582997906
50,100,list,prims,9,0.02940479200333357
50,100,list,kruskals,9,0.027683624997735023
100,0,matrix,prims,0,4.860596374994202
100,0,matrix,kruskals,0,5.192971290998685
100,0,list,prims,0,0.1077169580021291
100,0,list,kruskals,0,0.05855349999910686
100,0,matrix,prims,1,5.062079415998596
100,0,matrix,kruskals,1,5.695003708999138
100,0,list,prims,1,0.11814745800074888
100,0,list,kruskals,1,0.23433729100361234
100,0,matrix,prims,2,4.835189083001751
100,0,matrix,kruskals,2,5.1698141250017215
100,0,list,prims,2,0.46801791599864373
100,0,list,kruskals,2,0.0580849580001086
100,0,matrix,prims,3,4.8379474579996895
100,0,matrix,kruskals,3,5.687757250001596
100,0,list,prims,3,0.11129341700143414
100,0,list,kruskals,3,0.07203104200016242
100,0,matrix,prims,4,5.082858000001579
100,0,matrix,kruskals,4,5.172216457998729
100,0,list,prims,4,0.10721379100141348
100,0,list,kruskals,4,0.05853574999491684
100,0,matrix,prims,5,5.368063458998222
100,0,matrix,kruskals,5,5.387115042001824
100,0,list,prims,5,0.11979774999781512
100,0,list,kruskals,5,0.05952312499721302
100,0,matrix,prims,6,5.403819792001741
100,0,matrix,kruskals,6,5.915635875004227
100,0,list,prims,6,0.10338379200402414
100,0,list,kruskals,6,0.23519391699664993
100,0,matrix,prims,7,5.297219208005117
100,0,matrix,kruskals,7,5.482786166998267
100,0,list,prims,7,0.503442166998866
100,0,list,kruskals,7,0.059666166998795234
100,0,matrix,prims,8,5.279915915998572
100,0,matrix,kruskals,8,5.207269582999288
100,0,list,prims,8,0.10262716699799057
100,0,list,kruskals,8,0.05910191699513234
100,0,matrix,prims,9,5.10985937499936
100,0,matrix,kruskals,9,5.518399375003355
100,0,list,prims,9,0.10966495900356676
100,0,list,kruskals,9,0.06383645900496049
100,25,matrix,prims,0,5.164928500002134
100,25,matrix,kruskals,0,5.804305290999764
100,25,list,prims,0,0.12741333300073165
100,25,list,kruskals,0,0.09756862500216812
100,25,matrix,prims,1,5.929592790998868
100,25,matrix,kruskals,1,5.973722790993634
100,25,list,prims,1,0.11501929200312588
100,25,list,kruskals,1,0.28333970800304087
100,25,matrix,prims,2,5.106493750005029
100,25,matrix,kruskals,2,6.495750000001863
100,25,list,prims,2,0.11589970800559968
100,25,list,kruskals,2,0.26094533300056355
100,25,matrix,prims,3,5.27546345799783
100,25,matrix,kruskals,3,5.519209291000152
100,25,list,prims,3,0.13521866600058274
100,25,list,kruskals,3,0.08786924999731127
100,25,matrix,prims,4,5.036602667001716
100,25,matrix,kruskals,4,5.53054025000165
100,25,list,prims,4,0.13464999999996508
100,25,list,kruskals,4,0.0866055000005872
100,25,matrix,prims,5,5.392169791004562
100,25,matrix,kruskals,5,5.549557708000066
100,25,list,prims,5,0.1254216249944875
100,25,list,kruskals,5,0.09120866600278532
100,25,matrix,prims,6,5.4792782079966855
100,25,matrix,kruskals,6,5.705310750003264
100,25,list,prims,6,0.12778420799440937
100,25,list,kruskals,6,0.09305579100328032
100,25,matrix,prims,7,5.632728416996542
100,25,matrix,kruskals,7,5.333328042004723
100,25,list,prims,7,0.45791674999782117
100,25,list,kruskals,7,0.08963729200331727
100,25,matrix,prims,8,4.959850292005285
100,25,matrix,kruskals,8,5.197262041998329
100,25,list,prims,8,0.12513437499728752
100,25,list,kruskals,8,0.09020637500361772
100,25,matrix,prims,9,5.326091333001386
100,25,matrix,kruskals,9,6.286132082997938
100,25,list,prims,9,0.10851650000404334
100,25,list,kruskals,9,0.30020404099923326
100,50,matrix,prims,0,5.217158291001397
100,50,matrix,kruskals,0,5.278166584001156
100,50,list,prims,0,0.12951754099776736
100,50,list,kruskals,0,0.10697608299960848
100,50,matrix,prims,1,5.323851041997841
100,50,matrix,kruskals,1,5.980852708002203
100,50,list,prims,1,0.4708941249991767
100,50,list,kruskals,1,0.10649725000257604
100,50,matrix,prims,2,5.505818374993396
100,50,matrix,kruskals,2,6.350997499997902
100,50,list,prims,2,0.12245895899832249
100,50,list,kruskals,2,0.1059698750032112
100,50,matrix,prims,3,5.217135209000844
100,50,matrix,kruskals,3,5.234250625006098
100,50,list,prims,3,0.11585300000297138
100,50,list,kruskals,3,0.10477708300459199
100,50,matrix,prims,4,5.105231665998872
100,50,matrix,kruskals,4,5.390888417001406
100,50,list,prims,4,0.12672816700069234
100,50,list,kruskals,4,0.2809898339983192
100,50,matrix,prims,5,5.722219583003607
100,50,matrix,kruskals,5,5.691551250005432
100,50,list,prims,5,0.11527604100410827
100,50,list,kruskals,5,0.10630979100096738
100,50,matrix,prims,6,5.655139791997499
100,50,matrix,kruskals,6,5.276628250001522
100,50,list,prims,6,0.4599798750059563
100,50,list,kruskals,6,0.103846333004185
100,50,matrix,prims,7,4.879286584000511
100,50,matrix,kruskals,7,6.102079040996614
100,50,list,prims,7,0.11664812500384869
100,50,list,kruskals,7,0.10223795800266089
100,50,matrix,prims,8,5.128922625000996
100,50,matrix,kruskals,8,5.484537333002663
100,50,list,prims,8,0.12024525000015274
100,50,list,kruskals,8,0.10461079199740198
100,50,matrix,prims,9,5.463912166000227
100,50,matrix,kruskals,9,5.611145333998138
100,50,list,prims,9,0.1374342080016504
100,50,list,kruskals,9,0.2811765000005835
100,75,matrix,prims,0,5.532562583000981
100,75,matrix,kruskals,0,5.567062041001918
100,75,list,prims,0,0.13356750000093598
100,75,list,kruskals,0,0.11349529200379038
100,75,matrix,prims,1,6.223760166001739
100,75,matrix,kruskals,1,5.815314209001372
100,75,list,prims,1,0.1248395000002347
100,75,list,kruskals,1,0.2922207920055371
100,75,matrix,prims,2,5.89415362499858
100,75,matrix,kruskals,2,5.312459875000059
100,75,list,prims,2,0.13292420899961144
100,75,list,kruskals,2,0.1171663749992149
100,75,matrix,prims,3,5.26555825000105
100,75,matrix,kruskals,3,6.355545874997915
100,75,list,prims,3,0.13049587499699555
100,75,list,kruskals,3,0.11527125000429805
100,75,matrix,prims,4,5.822375915995508
100,75,matrix,kruskals,4,5.381532416999107
100,75,list,prims,4,0.4771453749999637
100,75,list,kruskals,4,0.2920392080050078
100,75,matrix,prims,5,6.055998625000939
100,75,matrix,kruskals,5,5.874704874993768
100,75,list,prims,5,0.13430604199675145
100,75,list,kruskals,5,0.1133749579967116
100,75,matrix,prims,6,5.301110207998136
100,75,matrix,kruskals,6,5.564126458004466
100,75,list,prims,6,0.12748683300014818
100,75,list,kruskals,6,0.287622415999067
100,75,matrix,prims,7,5.0141609579950455
100,75,matrix,kruskals,7,5.239707458000339
100,75,list,prims,7,0.12529183399601607
100,75,list,kruskals,7,0.11820799999986775
100,75,matrix,prims,8,5.643665874995349
100,75,matrix,kruskals,8,6.1220307080002385
100,75,list,prims,8,0.1158081659959862
100,75,list,kruskals,8,0.11458987499645445
100,75,matrix,prims,9,5.720699416997377
100,75,matrix,kruskals,9,5.289201791994856
100,75,list,prims,9,0.13064241699612467
100,75,list,kruskals,9,0.11411208400386386
100,100,matrix,prims,0,5.757472458004486
100,100,matrix,kruskals,0,5.234533499999088
100,100,list,prims,0,0.12900487500155577
100,100,list,kruskals,0,0.11910024999815505
100,100,matrix,prims,1,5.642991832995904
100,100,matrix,kruskals,1,5.740831041002821
100,100,list,prims,1,0.12466845799644943
100,100,list,kruskals,1,0.3107858750008745
100,100,matrix,prims,2,5.492364000005182
100,100,matrix,kruskals,2,5.2918188749972614
100,100,list,prims,2,0.1383521669995389
100,100,list,kruskals,2,0.11354162500356324
100,100,matrix,prims,3,5.31540354200115
100,100,matrix,kruskals,3,6.256884957998409
100,100,list,prims,3,0.10882662500080187
100,100,list,kruskals,3,0.11550924999755807
100,100,matrix,prims,4,6.243834208995395
100,100,matrix,kruskals,4,5.682510749997164
100,100,list,prims,4,0.10832754200237105
100,100,list,kruskals,4,0.29537654200248653
100,100,matrix,prims,5,5.646333666001738
100,100,matrix,kruskals,5,6.021091124996019
100,100,list,prims,5,0.12559058299666503
100,100,list,kruskals,5,0.11951974999828963
100,100,matrix,prims,6,6.07458283300366
100,100,matrix,kruskals,6,5.905682999997225
100,100,list,prims,6,0.1349097080019419
100,100,list,kruskals,6,0.11371220800356241
100,100,matrix,prims,7,6.112969250003516
100,100,matrix,kruskals,7,5.353478750002978
100,100,list,prims,7,0.1350272080017021
100,100,list,kruskals,7,0.29137025000090944
100,100,matrix,prims,8,5.484683540998958
100,100,matrix,kruskals,8,5.458087417006027
100,100,list,prims,8,0.15065033300197683
100,100,list,kruskals,8,0.11858516700158361
100,100,matrix,prims,9,5.208739916997729
100,100,matrix,kruskals,9,6.479971499997191
100,100,list,prims,9,0.1462069579938543
100,100,list,kruskals,9,0.1150300840017735
