size,density,graph_type,mst_algo,runtime
0,0,matrix,prims,0.024761199951171875
0,0,matrix,prims,0.021013736724853516
0,0,matrix,prims,0.02125382423400879
0,0,matrix,prims,0.020864009857177734
0,0,matrix,prims,0.023345947265625
0,0,matrix,prims,0.02156209945678711
0,0,matrix,prims,0.021585702896118164
0,0,matrix,prims,0.021226167678833008
0,0,matrix,prims,0.020956993103027344
0,0,matrix,prims,0.021332979202270508
0,0,matrix,kruskals,0.021587848663330078
0,0,matrix,kruskals,0.02092123031616211
0,0,matrix,kruskals,0.021352291107177734
0,0,matrix,kruskals,0.02139902114868164
0,0,matrix,kruskals,0.02085399627685547
0,0,matrix,kruskals,0.021220922470092773
0,0,matrix,kruskals,0.02090001106262207
0,0,matrix,kruskals,0.021575927734375
0,0,matrix,kruskals,0.02156209945678711
0,0,matrix,kruskals,0.02074909210205078
0,0,list,prims,0.021137714385986328
0,0,list,prims,0.021767854690551758
0,0,list,prims,0.020933866500854492
0,0,list,prims,0.021687030792236328
0,0,list,prims,0.02111506462097168
0,0,list,prims,0.021196842193603516
0,0,list,prims,0.02153301239013672
0,0,list,prims,0.02153301239013672
0,0,list,prims,0.023012876510620117
0,0,list,prims,0.021652936935424805
0,0,list,kruskals,0.021700143814086914
0,0,list,kruskals,0.021112918853759766
0,0,list,kruskals,0.021702051162719727
0,0,list,kruskals,0.021322965621948242
0,0,list,kruskals,0.02096390724182129
0,0,list,kruskals,0.020846843719482422
0,0,list,kruskals,0.0212860107421875
0,0,list,kruskals,0.021145105361938477
0,0,list,kruskals,0.021212100982666016
0,0,list,kruskals,0.020851850509643555
0,25,matrix,prims,0.0208890438079834
0,25,matrix,prims,0.021767139434814453
0,25,matrix,prims,0.022291898727416992
0,25,matrix,prims,0.0214841365814209
0,25,matrix,prims,0.02087688446044922
0,25,matrix,prims,0.02096724510192871
0,25,matrix,prims,0.02132105827331543
0,25,matrix,prims,0.021630048751831055
0,25,matrix,prims,0.021715164184570312
0,25,matrix,prims,0.020720720291137695
0,25,matrix,kruskals,0.02083611488342285
0,25,matrix,kruskals,0.021493911743164062
0,25,matrix,kruskals,0.023208141326904297
0,25,matrix,kruskals,0.021647930145263672
0,25,matrix,kruskals,0.021630048751831055
0,25,matrix,kruskals,0.021025896072387695
0,25,matrix,kruskals,0.02162003517150879
0,25,matrix,kruskals,0.02112102508544922
0,25,matrix,kruskals,0.02090764045715332
0,25,matrix,kruskals,0.021398067474365234
0,25,list,prims,0.021485090255737305
0,25,list,prims,0.021576881408691406
0,25,list,prims,0.021287202835083008
0,25,list,prims,0.021167993545532227
0,25,list,prims,0.021036863327026367
0,25,list,prims,0.021172046661376953
0,25,list,prims,0.02173304557800293
0,25,list,prims,0.021587848663330078
0,25,list,prims,0.02176523208618164
0,25,list,prims,0.020489931106567383
0,25,list,kruskals,0.021489858627319336
0,25,list,kruskals,0.021101713180541992
0,25,list,kruskals,0.020843029022216797
0,25,list,kruskals,0.02108907699584961
0,25,list,kruskals,0.021036148071289062
0,25,list,kruskals,0.02144002914428711
0,25,list,kruskals,0.023085832595825195
0,25,list,kruskals,0.021005868911743164
0,25,list,kruskals,0.02074885368347168
0,25,list,kruskals,0.021651029586791992
0,50,matrix,prims,0.021596193313598633
0,50,matrix,prims,0.020778179168701172
0,50,matrix,prims,0.02158808708190918
0,50,matrix,prims,0.0215909481048584
0,50,matrix,prims,0.021763086318969727
0,50,matrix,prims,0.021525144577026367
0,50,matrix,prims,0.021310806274414062
0,50,matrix,prims,0.021686077117919922
0,50,matrix,prims,0.021138906478881836
0,50,matrix,prims,0.021125078201293945
0,50,matrix,kruskals,0.021229028701782227
0,50,matrix,kruskals,0.02115011215209961
0,50,matrix,kruskals,0.021476030349731445
0,50,matrix,kruskals,0.020657062530517578
0,50,matrix,kruskals,0.021078109741210938
0,50,matrix,kruskals,0.020927906036376953
0,50,matrix,kruskals,0.02130889892578125
0,50,matrix,kruskals,0.02167201042175293
0,50,matrix,kruskals,0.02072596549987793
0,50,matrix,kruskals,0.020938873291015625
0,50,list,prims,0.022387981414794922
0,50,list,prims,0.021118879318237305
0,50,list,prims,0.021058082580566406
0,50,list,prims,0.02111506462097168
0,50,list,prims,0.021520137786865234
0,50,list,prims,0.021712064743041992
0,50,list,prims,0.021542072296142578
0,50,list,prims,0.021027088165283203
0,50,list,prims,0.02154707908630371
0,50,list,prims,0.021223068237304688
0,50,list,kruskals,0.021346092224121094
0,50,list,kruskals,0.020749807357788086
0,50,list,kruskals,0.02150869369506836
0,50,list,kruskals,0.0210268497467041
0,50,list,kruskals,0.020786046981811523
0,50,list,kruskals,0.02119612693786621
0,50,list,kruskals,0.0208740234375
0,50,list,kruskals,0.02100396156311035
0,50,list,kruskals,0.02054619789123535
0,50,list,kruskals,0.021481037139892578
0,75,matrix,prims,0.02141594886779785
0,75,matrix,prims,0.021449804306030273
0,75,matrix,prims,0.02142786979675293
0,75,matrix,prims,0.021197795867919922
0,75,matrix,prims,0.023996829986572266
0,75,matrix,prims,0.023716211318969727
0,75,matrix,prims,0.021166086196899414
0,75,matrix,prims,0.020984649658203125
0,75,matrix,prims,0.021206140518188477
0,75,matrix,prims,0.02108597755432129
0,75,matrix,kruskals,0.021012067794799805
0,75,matrix,kruskals,0.022392749786376953
0,75,matrix,kruskals,0.021209001541137695
0,75,matrix,kruskals,0.020944833755493164
0,75,matrix,kruskals,0.02367377281188965
0,75,matrix,kruskals,0.031676292419433594
0,75,matrix,kruskals,0.021416902542114258
0,75,matrix,kruskals,0.021759986877441406
0,75,matrix,kruskals,0.021757125854492188
0,75,matrix,kruskals,0.02110004425048828
0,75,list,prims,0.021584749221801758
0,75,list,prims,0.021446704864501953
0,75,list,prims,0.02179408073425293
0,75,list,prims,0.020701169967651367
0,75,list,prims,0.021636009216308594
0,75,list,prims,0.021330833435058594
0,75,list,prims,0.02086925506591797
0,75,list,prims,0.023022890090942383
0,75,list,prims,0.02163386344909668
0,75,list,prims,0.021249055862426758
0,75,list,kruskals,0.0214078426361084
0,75,list,kruskals,0.021686792373657227
0,75,list,kruskals,0.020802021026611328
0,75,list,kruskals,0.021342039108276367
0,75,list,kruskals,0.020760059356689453
0,75,list,kruskals,0.02125406265258789
0,75,list,kruskals,0.021209716796875
0,75,list,kruskals,0.021032094955444336
0,75,list,kruskals,0.02103900909423828
0,75,list,kruskals,0.02153182029724121
0,100,matrix,prims,0.021169185638427734
0,100,matrix,prims,0.021367788314819336
0,100,matrix,prims,0.021232128143310547
0,100,matrix,prims,0.021338701248168945
0,100,matrix,prims,0.02118968963623047
0,100,matrix,prims,0.021233320236206055
0,100,matrix,prims,0.021360158920288086
0,100,matrix,prims,0.021159887313842773
0,100,matrix,prims,0.021500110626220703
0,100,matrix,prims,0.021372318267822266
0,100,matrix,kruskals,0.021025896072387695
0,100,matrix,kruskals,0.023353099822998047
0,100,matrix,kruskals,0.02165389060974121
0,100,matrix,kruskals,0.021039962768554688
0,100,matrix,kruskals,0.021214008331298828
0,100,matrix,kruskals,0.021042346954345703
0,100,matrix,kruskals,0.02174687385559082
0,100,matrix,kruskals,0.021116018295288086
0,100,matrix,kruskals,0.020930051803588867
0,100,matrix,kruskals,0.021001100540161133
0,100,list,prims,0.02108597755432129
0,100,list,prims,0.021175861358642578
0,100,list,prims,0.021565914154052734
0,100,list,prims,0.02080702781677246
0,100,list,prims,0.021195650100708008
0,100,list,prims,0.021114110946655273
0,100,list,prims,0.02128887176513672
0,100,list,prims,0.02110576629638672
0,100,list,prims,0.0218658447265625
0,100,list,prims,0.022256851196289062
0,100,list,kruskals,0.021287918090820312
0,100,list,kruskals,0.021543025970458984
0,100,list,kruskals,0.02113795280456543
0,100,list,kruskals,0.021166086196899414
0,100,list,kruskals,0.021218061447143555
0,100,list,kruskals,0.022473812103271484
0,100,list,kruskals,0.02111983299255371
0,100,list,kruskals,0.02140522003173828
0,100,list,kruskals,0.02130413055419922
0,100,list,kruskals,0.021831989288330078
10,0,matrix,prims,0.05344390869140625
10,0,matrix,prims,0.052503108978271484
10,0,matrix,prims,0.04632711410522461
10,0,matrix,prims,0.044345855712890625
10,0,matrix,prims,0.0481259822845459
10,0,matrix,prims,0.042360782623291016
10,0,matrix,prims,0.046399831771850586
10,0,matrix,prims,0.04628109931945801
10,0,matrix,prims,0.0466768741607666
10,0,matrix,prims,0.04507708549499512
10,0,matrix,kruskals,0.04501605033874512
10,0,matrix,kruskals,0.04537487030029297
10,0,matrix,kruskals,0.042404890060424805
10,0,matrix,kruskals,0.046350955963134766
10,0,matrix,kruskals,0.04605579376220703
10,0,matrix,kruskals,0.04927778244018555
10,0,matrix,kruskals,0.05125999450683594
10,0,matrix,kruskals,0.043528079986572266
10,0,matrix,kruskals,0.05126810073852539
10,0,matrix,kruskals,0.047266244888305664
10,0,list,prims,0.0292360782623291
10,0,list,prims,0.03010725975036621
10,0,list,prims,0.030376911163330078
10,0,list,prims,0.029989242553710938
10,0,list,prims,0.030193805694580078
10,0,list,prims,0.02943587303161621
10,0,list,prims,0.02994513511657715
10,0,list,prims,0.02904820442199707
10,0,list,prims,0.029545307159423828
10,0,list,prims,0.030447959899902344
10,0,list,kruskals,0.028799057006835938
10,0,list,kruskals,0.029896974563598633
10,0,list,kruskals,0.02835702896118164
10,0,list,kruskals,0.02884984016418457
10,0,list,kruskals,0.027862071990966797
10,0,list,kruskals,0.030419111251831055
10,0,list,kruskals,0.02763199806213379
10,0,list,kruskals,0.028816699981689453
10,0,list,kruskals,0.029572725296020508
10,0,list,kruskals,0.029748916625976562
10,25,matrix,prims,0.03624701499938965
10,25,matrix,prims,0.03336381912231445
10,25,matrix,prims,0.0327448844909668
10,25,matrix,prims,0.0328831672668457
10,25,matrix,prims,0.035996198654174805
10,25,matrix,prims,0.03478884696960449
10,25,matrix,prims,0.033045053482055664
10,25,matrix,prims,0.034297943115234375
10,25,matrix,prims,0.03358578681945801
10,25,matrix,prims,0.03342485427856445
10,25,matrix,kruskals,0.04001116752624512
10,25,matrix,kruskals,0.036273956298828125
10,25,matrix,kruskals,0.0322268009185791
10,25,matrix,kruskals,0.03699493408203125
10,25,matrix,kruskals,0.03513908386230469
10,25,matrix,kruskals,0.04599714279174805
10,25,matrix,kruskals,0.03407406806945801
10,25,matrix,kruskals,0.03497600555419922
10,25,matrix,kruskals,0.03681206703186035
10,25,matrix,kruskals,0.035459041595458984
10,25,list,prims,0.026070117950439453
10,25,list,prims,0.02586507797241211
10,25,list,prims,0.028368711471557617
10,25,list,prims,0.026964902877807617
10,25,list,prims,0.026727914810180664
10,25,list,prims,0.027553081512451172
10,25,list,prims,0.026854991912841797
10,25,list,prims,0.026426076889038086
10,25,list,prims,0.026188135147094727
10,25,list,prims,0.02692699432373047
10,25,list,kruskals,0.027727127075195312
10,25,list,kruskals,0.026571035385131836
10,25,list,kruskals,0.026005029678344727
10,25,list,kruskals,0.026652097702026367
10,25,list,kruskals,0.02603888511657715
10,25,list,kruskals,0.026499271392822266
10,25,list,kruskals,0.02606797218322754
10,25,list,kruskals,0.027704954147338867
10,25,list,kruskals,0.02642989158630371
10,25,list,kruskals,0.026834964752197266
10,50,matrix,prims,0.0343780517578125
10,50,matrix,prims,0.03426718711853027
10,50,matrix,prims,0.03332209587097168
10,50,matrix,prims,0.03426313400268555
10,50,matrix,prims,0.03553318977355957
10,50,matrix,prims,0.03336620330810547
10,50,matrix,prims,0.03523993492126465
10,50,matrix,prims,0.03598594665527344
10,50,matrix,prims,0.032399654388427734
10,50,matrix,prims,0.03372788429260254
10,50,matrix,kruskals,0.03631019592285156
10,50,matrix,kruskals,0.03272509574890137
10,50,matrix,kruskals,0.034407854080200195
10,50,matrix,kruskals,0.034013986587524414
10,50,matrix,kruskals,0.03456711769104004
10,50,matrix,kruskals,0.035273075103759766
10,50,matrix,kruskals,0.03271913528442383
10,50,matrix,kruskals,0.03603386878967285
10,50,matrix,kruskals,0.03440093994140625
10,50,matrix,kruskals,0.0337979793548584
10,50,list,prims,0.026727914810180664
10,50,list,prims,0.02650284767150879
10,50,list,prims,0.02646613121032715
10,50,list,prims,0.027408123016357422
10,50,list,prims,0.02619004249572754
10,50,list,prims,0.02686285972595215
10,50,list,prims,0.027143001556396484
10,50,list,prims,0.027025938034057617
10,50,list,prims,0.026295185089111328
10,50,list,prims,0.026693105697631836
10,50,list,kruskals,0.02656388282775879
10,50,list,kruskals,0.02680802345275879
10,50,list,kruskals,0.026720046997070312
10,50,list,kruskals,0.026023149490356445
10,50,list,kruskals,0.026385784149169922
10,50,list,kruskals,0.02640986442565918
10,50,list,kruskals,0.026293039321899414
10,50,list,kruskals,0.026560068130493164
10,50,list,kruskals,0.02642512321472168
10,50,list,kruskals,0.02644801139831543
10,75,matrix,prims,0.03327202796936035
10,75,matrix,prims,0.03366422653198242
10,75,matrix,prims,0.03845500946044922
10,75,matrix,prims,0.036554813385009766
10,75,matrix,prims,0.03720378875732422
10,75,matrix,prims,0.03342294692993164
10,75,matrix,prims,0.03772473335266113
10,75,matrix,prims,0.03395199775695801
10,75,matrix,prims,0.0345461368560791
10,75,matrix,prims,0.035170793533325195
10,75,matrix,kruskals,0.03267192840576172
10,75,matrix,kruskals,0.034578800201416016
10,75,matrix,kruskals,0.034996986389160156
10,75,matrix,kruskals,0.03339886665344238
10,75,matrix,kruskals,0.03417086601257324
10,75,matrix,kruskals,0.03291893005371094
10,75,matrix,kruskals,0.03354287147521973
10,75,matrix,kruskals,0.036100149154663086
10,75,matrix,kruskals,0.03742480278015137
10,75,matrix,kruskals,0.033638715744018555
10,75,list,prims,0.025987863540649414
10,75,list,prims,0.026481151580810547
10,75,list,prims,0.026487112045288086
10,75,list,prims,0.026739120483398438
10,75,list,prims,0.027577877044677734
10,75,list,prims,0.027109861373901367
10,75,list,prims,0.026017189025878906
10,75,list,prims,0.02661585807800293
10,75,list,prims,0.026447296142578125
10,75,list,prims,0.028650999069213867
10,75,list,kruskals,0.026726245880126953
10,75,list,kruskals,0.026906728744506836
10,75,list,kruskals,0.026504993438720703
10,75,list,kruskals,0.02734518051147461
10,75,list,kruskals,0.02766895294189453
10,75,list,kruskals,0.027952909469604492
10,75,list,kruskals,0.02671504020690918
10,75,list,kruskals,0.026849985122680664
10,75,list,kruskals,0.027502775192260742
10,75,list,kruskals,0.026587963104248047
10,100,matrix,prims,0.03305482864379883
10,100,matrix,prims,0.033941030502319336
10,100,matrix,prims,0.03540515899658203
10,100,matrix,prims,0.03577113151550293
10,100,matrix,prims,0.032717227935791016
10,100,matrix,prims,0.033782958984375
10,100,matrix,prims,0.04077482223510742
10,100,matrix,prims,0.033785104751586914
10,100,matrix,prims,0.03287196159362793
10,100,matrix,prims,0.03395700454711914
10,100,matrix,kruskals,0.03711700439453125
10,100,matrix,kruskals,0.037407875061035156
10,100,matrix,kruskals,0.03494596481323242
10,100,matrix,kruskals,0.033288002014160156
10,100,matrix,kruskals,0.03338789939880371
10,100,matrix,kruskals,0.03902411460876465
10,100,matrix,kruskals,0.03526496887207031
10,100,matrix,kruskals,0.03449702262878418
10,100,matrix,kruskals,0.03518414497375488
10,100,matrix,kruskals,0.03615379333496094
10,100,list,prims,0.026345014572143555
10,100,list,prims,0.0273129940032959
10,100,list,prims,0.026106834411621094
10,100,list,prims,0.026893138885498047
10,100,list,prims,0.026417970657348633
10,100,list,prims,0.026502132415771484
10,100,list,prims,0.028560876846313477
10,100,list,prims,0.027331113815307617
10,100,list,prims,0.027857065200805664
10,100,list,prims,0.027311086654663086
10,100,list,kruskals,0.028460025787353516
10,100,list,kruskals,0.027385234832763672
10,100,list,kruskals,0.02726125717163086
10,100,list,kruskals,0.02644801139831543
10,100,list,kruskals,0.02662181854248047
10,100,list,kruskals,0.027081012725830078
10,100,list,kruskals,0.027265071868896484
10,100,list,kruskals,0.026563167572021484
10,100,list,kruskals,0.027013778686523438
10,100,list,kruskals,0.02769613265991211
20,0,matrix,prims,0.9977169036865234
20,0,matrix,prims,1.0371222496032715
20,0,matrix,prims,1.02162504196167
20,0,matrix,prims,0.7779090404510498
20,0,matrix,prims,1.006155014038086
20,0,matrix,prims,0.9451208114624023
20,0,matrix,prims,1.010664939880371
20,0,matrix,prims,0.8789119720458984
20,0,matrix,prims,1.0293021202087402
20,0,matrix,prims,1.0180559158325195
20,0,matrix,kruskals,0.9896399974822998
20,0,matrix,kruskals,0.99245285987854
20,0,matrix,kruskals,1.0363342761993408
20,0,matrix,kruskals,0.970818042755127
20,0,matrix,kruskals,0.959928035736084
20,0,matrix,kruskals,1.0568809509277344
20,0,matrix,kruskals,1.1885950565338135
20,0,matrix,kruskals,1.0218629837036133
20,0,matrix,kruskals,0.9258458614349365
20,0,matrix,kruskals,0.9705798625946045
20,0,list,prims,0.12994718551635742
20,0,list,prims,0.12992286682128906
20,0,list,prims,0.1361091136932373
20,0,list,prims,0.12073874473571777
20,0,list,prims,0.12990307807922363
20,0,list,prims,0.13863396644592285
20,0,list,prims,0.13356900215148926
20,0,list,prims,0.14718914031982422
20,0,list,prims,0.13640618324279785
20,0,list,prims,0.12605714797973633
20,0,list,kruskals,0.11997008323669434
20,0,list,kruskals,0.11571097373962402
20,0,list,kruskals,0.12398409843444824
20,0,list,kruskals,0.12083125114440918
20,0,list,kruskals,0.11611080169677734
20,0,list,kruskals,0.12530994415283203
20,0,list,kruskals,0.11790800094604492
20,0,list,kruskals,0.10625195503234863
20,0,list,kruskals,0.10723304748535156
20,0,list,kruskals,0.13573408126831055
20,25,matrix,prims,0.26464104652404785
20,25,matrix,prims,0.290208101272583
20,25,matrix,prims,0.3265070915222168
20,25,matrix,prims,0.4297001361846924
20,25,matrix,prims,0.3984067440032959
20,25,matrix,prims,0.2849280834197998
20,25,matrix,prims,0.2896749973297119
20,25,matrix,prims,0.3630681037902832
20,25,matrix,prims,0.3942677974700928
20,25,matrix,prims,0.35285019874572754
20,25,matrix,kruskals,0.37588000297546387
20,25,matrix,kruskals,0.35976505279541016
20,25,matrix,kruskals,0.2878913879394531
20,25,matrix,kruskals,0.34348416328430176
20,25,matrix,kruskals,0.41806578636169434
20,25,matrix,kruskals,0.3717660903930664
20,25,matrix,kruskals,0.3171520233154297
20,25,matrix,kruskals,0.33887195587158203
20,25,matrix,kruskals,0.2830338478088379
20,25,matrix,kruskals,0.3649280071258545
20,25,list,prims,0.05692410469055176
20,25,list,prims,0.054318904876708984
20,25,list,prims,0.05949211120605469
20,25,list,prims,0.05668282508850098
20,25,list,prims,0.05760908126831055
20,25,list,prims,0.05488705635070801
20,25,list,prims,0.05839204788208008
20,25,list,prims,0.06575703620910645
20,25,list,prims,0.05685877799987793
20,25,list,prims,0.05215120315551758
20,25,list,kruskals,0.06496620178222656
20,25,list,kruskals,0.0752408504486084
20,25,list,kruskals,0.055136919021606445
20,25,list,kruskals,0.05976605415344238
20,25,list,kruskals,0.05543780326843262
20,25,list,kruskals,0.053833961486816406
20,25,list,kruskals,0.05639982223510742
20,25,list,kruskals,0.055085182189941406
20,25,list,kruskals,0.05504107475280762
20,25,list,kruskals,0.05638408660888672
20,50,matrix,prims,0.29618191719055176
20,50,matrix,prims,0.3770010471343994
20,50,matrix,prims,0.34749794006347656
20,50,matrix,prims,0.3255119323730469
20,50,matrix,prims,0.3130629062652588
20,50,matrix,prims,0.29895591735839844
20,50,matrix,prims,0.25350093841552734
20,50,matrix,prims,0.28040409088134766
20,50,matrix,prims,0.33934903144836426
20,50,matrix,prims,0.345613956451416
20,50,matrix,kruskals,0.31835007667541504
20,50,matrix,kruskals,0.2786858081817627
20,50,matrix,kruskals,0.2708752155303955
20,50,matrix,kruskals,0.2575099468231201
20,50,matrix,kruskals,0.3779621124267578
20,50,matrix,kruskals,0.33280277252197266
20,50,matrix,kruskals,0.31131625175476074
20,50,matrix,kruskals,0.2731618881225586
20,50,matrix,kruskals,0.3993208408355713
20,50,matrix,kruskals,0.31695008277893066
20,50,list,prims,0.058171987533569336
20,50,list,prims,0.0662698745727539
20,50,list,prims,0.05485796928405762
20,50,list,prims,0.06104111671447754
20,50,list,prims,0.06138300895690918
20,50,list,prims,0.07038593292236328
20,50,list,prims,0.06019186973571777
20,50,list,prims,0.05971360206604004
20,50,list,prims,0.055769920349121094
20,50,list,prims,0.05482292175292969
20,50,list,kruskals,0.06189703941345215
20,50,list,kruskals,0.056221961975097656
20,50,list,kruskals,0.06103396415710449
20,50,list,kruskals,0.05444002151489258
20,50,list,kruskals,0.05530190467834473
20,50,list,kruskals,0.06801819801330566
20,50,list,kruskals,0.05515599250793457
20,50,list,kruskals,0.057272911071777344
20,50,list,kruskals,0.05381298065185547
20,50,list,kruskals,0.05338692665100098
20,75,matrix,prims,0.3018670082092285
20,75,matrix,prims,0.3310883045196533
20,75,matrix,prims,0.3205842971801758
20,75,matrix,prims,0.31624603271484375
20,75,matrix,prims,0.30905890464782715
20,75,matrix,prims,0.33707594871520996
20,75,matrix,prims,0.3481180667877197
20,75,matrix,prims,0.37224507331848145
20,75,matrix,prims,0.25551414489746094
20,75,matrix,prims,0.33558106422424316
20,75,matrix,kruskals,0.35663318634033203
20,75,matrix,kruskals,0.32326507568359375
20,75,matrix,kruskals,0.28595399856567383
20,75,matrix,kruskals,0.3043830394744873
20,75,matrix,kruskals,0.264890193939209
20,75,matrix,kruskals,0.2852029800415039
20,75,matrix,kruskals,0.3191242218017578
20,75,matrix,kruskals,0.2909219264984131
20,75,matrix,kruskals,0.31654810905456543
20,75,matrix,kruskals,0.30846190452575684
20,75,list,prims,0.055197954177856445
20,75,list,prims,0.06923484802246094
20,75,list,prims,0.07571792602539062
20,75,list,prims,0.08042025566101074
20,75,list,prims,0.07386279106140137
20,75,list,prims,0.06090712547302246
20,75,list,prims,0.0735468864440918
20,75,list,prims,0.06129002571105957
20,75,list,prims,0.06849789619445801
20,75,list,prims,0.11095666885375977
20,75,list,kruskals,0.07220721244812012
20,75,list,kruskals,0.0616300106048584
20,75,list,kruskals,0.06393098831176758
20,75,list,kruskals,0.07312202453613281
20,75,list,kruskals,0.06951403617858887
20,75,list,kruskals,0.09634995460510254
20,75,list,kruskals,0.07500100135803223
20,75,list,kruskals,0.06985092163085938
20,75,list,kruskals,0.07752394676208496
20,75,list,kruskals,0.05819582939147949
20,100,matrix,prims,0.32543277740478516
20,100,matrix,prims,0.30461692810058594
20,100,matrix,prims,0.36948204040527344
20,100,matrix,prims,0.3198561668395996
20,100,matrix,prims,0.3226430416107178
20,100,matrix,prims,0.4253370761871338
20,100,matrix,prims,0.3473360538482666
20,100,matrix,prims,0.35121607780456543
20,100,matrix,prims,0.28856515884399414
20,100,matrix,prims,0.3153049945831299
20,100,matrix,kruskals,0.2875378131866455
20,100,matrix,kruskals,0.3043498992919922
20,100,matrix,kruskals,0.36435818672180176
20,100,matrix,kruskals,0.3813908100128174
20,100,matrix,kruskals,0.4094431400299072
20,100,matrix,kruskals,0.3657960891723633
20,100,matrix,kruskals,0.36325621604919434
20,100,matrix,kruskals,0.3935427665710449
20,100,matrix,kruskals,0.4195241928100586
20,100,matrix,kruskals,0.32860398292541504
20,100,list,prims,0.08529829978942871
20,100,list,prims,0.08325886726379395
20,100,list,prims,0.08870315551757812
20,100,list,prims,0.05736804008483887
20,100,list,prims,0.05937600135803223
20,100,list,prims,0.06540417671203613
20,100,list,prims,0.07112979888916016
20,100,list,prims,0.08466196060180664
20,100,list,prims,0.12609004974365234
20,100,list,prims,0.05919671058654785
20,100,list,kruskals,0.06990480422973633
20,100,list,kruskals,0.08917617797851562
20,100,list,kruskals,0.07534599304199219
20,100,list,kruskals,0.0791161060333252
20,100,list,kruskals,0.06680011749267578
20,100,list,kruskals,0.06707191467285156
20,100,list,kruskals,0.0846719741821289
20,100,list,kruskals,0.059644222259521484
20,100,list,kruskals,0.06767010688781738
20,100,list,kruskals,0.06156420707702637
30,0,matrix,prims,8.95550274848938
30,0,matrix,prims,9.042372226715088
30,0,matrix,prims,7.986809730529785
30,0,matrix,prims,8.2726411819458
30,0,matrix,prims,9.723459959030151
30,0,matrix,prims,9.900644063949585
30,0,matrix,prims,9.967482805252075
30,0,matrix,prims,9.92326807975769
30,0,matrix,prims,7.698812961578369
30,0,matrix,prims,8.444310665130615
30,0,matrix,kruskals,9.34709882736206
30,0,matrix,kruskals,8.93868613243103
30,0,matrix,kruskals,8.745490074157715
30,0,matrix,kruskals,7.174491882324219
30,0,matrix,kruskals,8.958678960800171
30,0,matrix,kruskals,9.523627042770386
30,0,matrix,kruskals,9.336688995361328
30,0,matrix,kruskals,9.30570912361145
30,0,matrix,kruskals,7.503576993942261
30,0,matrix,kruskals,10.0797278881073
30,0,list,prims,0.41120100021362305
30,0,list,prims,0.5193808078765869
30,0,list,prims,0.4743309020996094
30,0,list,prims,0.4348571300506592
30,0,list,prims,0.617974042892456
30,0,list,prims,0.4667069911956787
30,0,list,prims,0.5532369613647461
30,0,list,prims,0.5229880809783936
30,0,list,prims,0.4147660732269287
30,0,list,prims,0.5328998565673828
30,0,list,kruskals,0.4764096736907959
30,0,list,kruskals,0.43266892433166504
30,0,list,kruskals,0.3491170406341553
30,0,list,kruskals,0.3631911277770996
30,0,list,kruskals,0.4199788570404053
30,0,list,kruskals,0.5106790065765381
30,0,list,kruskals,0.5191130638122559
30,0,list,kruskals,0.43389320373535156
30,0,list,kruskals,0.4462738037109375
30,0,list,kruskals,0.39288997650146484
30,25,matrix,prims,2.3990299701690674
30,25,matrix,prims,1.9679291248321533
30,25,matrix,prims,2.011847972869873
30,25,matrix,prims,2.572695016860962
30,25,matrix,prims,2.6548612117767334
30,25,matrix,prims,2.4304046630859375
30,25,matrix,prims,2.203697919845581
30,25,matrix,prims,2.8873021602630615
30,25,matrix,prims,2.022854804992676
30,25,matrix,prims,1.764420986175537
30,25,matrix,kruskals,2.2888760566711426
30,25,matrix,kruskals,2.627279043197632
30,25,matrix,kruskals,2.396821975708008
30,25,matrix,kruskals,1.822584867477417
30,25,matrix,kruskals,2.270247220993042
30,25,matrix,kruskals,2.347949981689453
30,25,matrix,kruskals,2.200014114379883
30,25,matrix,kruskals,1.8603241443634033
30,25,matrix,kruskals,2.1296818256378174
30,25,matrix,kruskals,2.059236764907837
30,25,list,prims,0.16089296340942383
30,25,list,prims,0.15029287338256836
30,25,list,prims,0.18816471099853516
30,25,list,prims,0.18378210067749023
30,25,list,prims,0.12483811378479004
30,25,list,prims,0.15743184089660645
30,25,list,prims,0.1596229076385498
30,25,list,prims,0.17297697067260742
30,25,list,prims,0.15289902687072754
30,25,list,prims,0.14411497116088867
30,25,list,kruskals,0.16999602317810059
30,25,list,kruskals,0.1479341983795166
30,25,list,kruskals,0.11882996559143066
30,25,list,kruskals,0.17185711860656738
30,25,list,kruskals,0.1416609287261963
30,25,list,kruskals,0.15761804580688477
30,25,list,kruskals,0.17864608764648438
30,25,list,kruskals,0.12645506858825684
30,25,list,kruskals,0.14724206924438477
30,25,list,kruskals,0.14287495613098145
30,50,matrix,prims,2.4829068183898926
30,50,matrix,prims,2.0439538955688477
30,50,matrix,prims,1.800675868988037
30,50,matrix,prims,2.396623134613037
30,50,matrix,prims,1.8754088878631592
30,50,matrix,prims,2.497231960296631
30,50,matrix,prims,1.8358631134033203
30,50,matrix,prims,2.1009328365325928
30,50,matrix,prims,2.5109641551971436
30,50,matrix,prims,2.559159755706787
30,50,matrix,kruskals,2.282045841217041
30,50,matrix,kruskals,1.9131460189819336
30,50,matrix,kruskals,1.8996789455413818
30,50,matrix,kruskals,2.3137381076812744
30,50,matrix,kruskals,1.9298429489135742
30,50,matrix,kruskals,2.245183229446411
30,50,matrix,kruskals,2.051384687423706
30,50,matrix,kruskals,1.9695219993591309
30,50,matrix,kruskals,2.1554880142211914
30,50,matrix,kruskals,1.8509891033172607
30,50,list,prims,0.14312076568603516
30,50,list,prims,0.14831304550170898
30,50,list,prims,0.16066789627075195
30,50,list,prims,0.16350531578063965
30,50,list,prims,0.1537189483642578
30,50,list,prims,0.1553637981414795
30,50,list,prims,0.1417386531829834
30,50,list,prims,0.15635204315185547
30,50,list,prims,0.16370487213134766
30,50,list,prims,0.17458701133728027
30,50,list,kruskals,0.1378169059753418
30,50,list,kruskals,0.13707780838012695
30,50,list,kruskals,0.13056111335754395
30,50,list,kruskals,0.1893770694732666
30,50,list,kruskals,0.13206028938293457
30,50,list,kruskals,0.13621306419372559
30,50,list,kruskals,0.1611480712890625
30,50,list,kruskals,0.15041399002075195
30,50,list,kruskals,0.14041686058044434
30,50,list,kruskals,0.15686821937561035
30,75,matrix,prims,2.2081100940704346
30,75,matrix,prims,1.9585692882537842
30,75,matrix,prims,1.8088319301605225
30,75,matrix,prims,2.641627073287964
30,75,matrix,prims,2.3114521503448486
30,75,matrix,prims,1.706218957901001
30,75,matrix,prims,2.1045188903808594
30,75,matrix,prims,2.3277909755706787
30,75,matrix,prims,3.1182777881622314
30,75,matrix,prims,1.7821857929229736
30,75,matrix,kruskals,1.7904298305511475
30,75,matrix,kruskals,2.037997007369995
30,75,matrix,kruskals,3.1257197856903076
30,75,matrix,kruskals,1.968498945236206
30,75,matrix,kruskals,1.794400691986084
30,75,matrix,kruskals,2.4283580780029297
30,75,matrix,kruskals,2.3107199668884277
30,75,matrix,kruskals,2.5874950885772705
30,75,matrix,kruskals,2.4665560722351074
30,75,matrix,kruskals,2.2274019718170166
30,75,list,prims,0.12294387817382812
30,75,list,prims,0.15576505661010742
30,75,list,prims,0.1362001895904541
30,75,list,prims,0.1281120777130127
30,75,list,prims,0.16363000869750977
30,75,list,prims,0.12592601776123047
30,75,list,prims,0.14075422286987305
30,75,list,prims,0.15091800689697266
30,75,list,prims,0.1583101749420166
30,75,list,prims,0.1840989589691162
30,75,list,kruskals,0.19087910652160645
30,75,list,kruskals,0.1416919231414795
30,75,list,kruskals,0.17259693145751953
30,75,list,kruskals,0.13338398933410645
30,75,list,kruskals,0.1573200225830078
30,75,list,kruskals,0.13429880142211914
30,75,list,kruskals,0.15867996215820312
30,75,list,kruskals,0.11394214630126953
30,75,list,kruskals,0.18336892127990723
30,75,list,kruskals,0.13493895530700684
30,100,matrix,prims,2.669740915298462
30,100,matrix,prims,1.8421440124511719
30,100,matrix,prims,2.777442216873169
30,100,matrix,prims,2.093730926513672
30,100,matrix,prims,2.0906221866607666
30,100,matrix,prims,2.468437910079956
30,100,matrix,prims,2.065335988998413
30,100,matrix,prims,1.8983440399169922
30,100,matrix,prims,2.1679069995880127
30,100,matrix,prims,2.2901570796966553
30,100,matrix,kruskals,1.999729871749878
30,100,matrix,kruskals,2.066995143890381
30,100,matrix,kruskals,2.3798561096191406
30,100,matrix,kruskals,2.3106260299682617
30,100,matrix,kruskals,2.283486843109131
30,100,matrix,kruskals,1.7635109424591064
30,100,matrix,kruskals,1.916445016860962
30,100,matrix,kruskals,2.5189449787139893
30,100,matrix,kruskals,2.211786985397339
30,100,matrix,kruskals,1.9606471061706543
30,100,list,prims,0.14168500900268555
30,100,list,prims,0.14440584182739258
30,100,list,prims,0.1250910758972168
30,100,list,prims,0.14381122589111328
30,100,list,prims,0.12044692039489746
30,100,list,prims,0.23319697380065918
30,100,list,prims,0.16740202903747559
30,100,list,prims,0.12322878837585449
30,100,list,prims,0.16155123710632324
30,100,list,prims,0.1523120403289795
30,100,list,kruskals,0.14549612998962402
30,100,list,kruskals,0.16097784042358398
30,100,list,kruskals,0.15385079383850098
30,100,list,kruskals,0.1440260410308838
30,100,list,kruskals,0.15645790100097656
30,100,list,kruskals,0.15012001991271973
30,100,list,kruskals,0.18234515190124512
30,100,list,kruskals,0.22154808044433594
30,100,list,kruskals,0.20287418365478516
30,100,list,kruskals,0.16222500801086426
50,0,matrix,prims,152.2879798412323
50,0,matrix,prims,162.05023908615112
50,0,matrix,prims,185.60374689102173
50,0,matrix,prims,156.7764539718628
50,0,matrix,prims,155.5510516166687
50,0,matrix,prims,189.3965859413147
50,0,matrix,prims,186.4595808982849
50,0,matrix,prims,181.3346869945526
50,0,matrix,prims,142.79844975471497
50,0,matrix,prims,172.81274700164795
50,0,matrix,kruskals,164.625812292099
50,0,matrix,kruskals,156.5313880443573
50,0,matrix,kruskals,154.53746795654297
50,0,matrix,kruskals,170.87171506881714
50,0,matrix,kruskals,168.0369200706482
50,0,matrix,kruskals,148.72169876098633
50,0,matrix,kruskals,181.89300680160522
50,0,matrix,kruskals,165.77169275283813
50,0,matrix,kruskals,135.2151358127594
50,0,matrix,kruskals,157.56819820404053
50,0,list,prims,3.124976873397827
50,0,list,prims,2.8585562705993652
50,0,list,prims,3.8490359783172607
50,0,list,prims,3.114136219024658
50,0,list,prims,3.1379759311676025
50,0,list,prims,3.723038911819458
50,0,list,prims,3.2405507564544678
50,0,list,prims,3.4156901836395264
50,0,list,prims,3.6773970127105713
50,0,list,prims,3.606121063232422
50,0,list,kruskals,2.936016798019409
50,0,list,kruskals,2.770911931991577
50,0,list,kruskals,3.347738027572632
50,0,list,kruskals,2.7269928455352783
50,0,list,kruskals,3.009516954421997
50,0,list,kruskals,3.2441132068634033
50,0,list,kruskals,2.8425660133361816
50,0,list,kruskals,3.1162312030792236
50,0,list,kruskals,2.8038649559020996
50,0,list,kruskals,2.771008014678955
50,25,matrix,prims,28.339893102645874
50,25,matrix,prims,30.41729187965393
50,25,matrix,prims,23.175336122512817
50,25,matrix,prims,28.286181688308716
50,25,matrix,prims,23.168740034103394
50,25,matrix,prims,28.802924156188965
50,25,matrix,prims,25.73086380958557
50,25,matrix,prims,27.383618116378784
50,25,matrix,prims,27.429168701171875
50,25,matrix,prims,28.958225965499878
50,25,matrix,kruskals,31.998126745224
50,25,matrix,kruskals,34.332783699035645
50,25,matrix,kruskals,26.109429836273193
50,25,matrix,kruskals,30.348851919174194
50,25,matrix,kruskals,27.269638061523438
50,25,matrix,kruskals,30.89359998703003
50,25,matrix,kruskals,23.10398006439209
50,25,matrix,kruskals,31.273236989974976
50,25,matrix,kruskals,25.383872032165527
50,25,matrix,kruskals,32.3044810295105
50,25,list,prims,0.8369338512420654
50,25,list,prims,0.7227640151977539
50,25,list,prims,0.5563399791717529
50,25,list,prims,0.6341350078582764
50,25,list,prims,0.5896351337432861
50,25,list,prims,0.5459020137786865
50,25,list,prims,0.558845043182373
50,25,list,prims,0.6385281085968018
50,25,list,prims,0.5068910121917725
50,25,list,prims,0.6363749504089355
50,25,list,kruskals,0.6998238563537598
50,25,list,kruskals,0.667233943939209
50,25,list,kruskals,0.6451582908630371
50,25,list,kruskals,0.8777852058410645
50,25,list,kruskals,0.5220882892608643
50,25,list,kruskals,0.545551061630249
50,25,list,kruskals,0.6716599464416504
50,25,list,kruskals,0.5494809150695801
50,25,list,kruskals,0.722740888595581
50,25,list,kruskals,0.6420321464538574
50,50,matrix,prims,29.478044986724854
50,50,matrix,prims,26.5386221408844
50,50,matrix,prims,35.44063591957092
50,50,matrix,prims,26.354363918304443
50,50,matrix,prims,28.66551113128662
50,50,matrix,prims,25.77252197265625
50,50,matrix,prims,30.36425805091858
50,50,matrix,prims,31.29561185836792
50,50,matrix,prims,24.47237992286682
50,50,matrix,prims,25.393171072006226
50,50,matrix,kruskals,28.273810863494873
50,50,matrix,kruskals,24.17871904373169
50,50,matrix,kruskals,33.40924787521362
50,50,matrix,kruskals,29.425557851791382
50,50,matrix,kruskals,34.52009987831116
50,50,matrix,kruskals,26.228713035583496
50,50,matrix,kruskals,32.28643488883972
50,50,matrix,kruskals,22.424356937408447
50,50,matrix,kruskals,39.23965382575989
50,50,matrix,kruskals,32.53357481956482
50,50,list,prims,0.6867468357086182
50,50,list,prims,0.635922908782959
50,50,list,prims,0.6750638484954834
50,50,list,prims,0.5885610580444336
50,50,list,prims,0.6739850044250488
50,50,list,prims,0.5679850578308105
50,50,list,prims,0.8245730400085449
50,50,list,prims,0.550926923751831
50,50,list,prims,0.501255989074707
50,50,list,prims,0.6486990451812744
50,50,list,kruskals,0.5203280448913574
50,50,list,kruskals,0.536909818649292
50,50,list,kruskals,0.5445606708526611
50,50,list,kruskals,0.5030262470245361
50,50,list,kruskals,0.5157849788665771
50,50,list,kruskals,0.7076997756958008
50,50,list,kruskals,0.8119938373565674
50,50,list,kruskals,0.5688741207122803
50,50,list,kruskals,0.5004749298095703
50,50,list,kruskals,0.5915861129760742
50,75,matrix,prims,29.215116024017334
50,75,matrix,prims,28.59362506866455
50,75,matrix,prims,25.366325855255127
50,75,matrix,prims,30.967212915420532
50,75,matrix,prims,26.31392478942871
50,75,matrix,prims,27.913043975830078
50,75,matrix,prims,23.9717698097229
50,75,matrix,prims,31.53806495666504
50,75,matrix,prims,24.631624937057495
50,75,matrix,prims,25.07461404800415
50,75,matrix,kruskals,34.06926107406616
50,75,matrix,kruskals,26.398676872253418
50,75,matrix,kruskals,38.79988479614258
50,75,matrix,kruskals,29.903833150863647
50,75,matrix,kruskals,25.998343229293823
50,75,matrix,kruskals,28.195618152618408
50,75,matrix,kruskals,24.82716703414917
50,75,matrix,kruskals,23.98427391052246
50,75,matrix,kruskals,31.89249610900879
50,75,matrix,kruskals,30.121047258377075
50,75,list,prims,0.7623119354248047
50,75,list,prims,0.7313408851623535
50,75,list,prims,0.5775601863861084
50,75,list,prims,0.6458380222320557
50,75,list,prims,0.8280270099639893
50,75,list,prims,0.6640799045562744
50,75,list,prims,0.48270273208618164
50,75,list,prims,0.5887510776519775
50,75,list,prims,0.5153882503509521
50,75,list,prims,0.5985651016235352
50,75,list,kruskals,0.518395185470581
50,75,list,kruskals,0.5803189277648926
50,75,list,kruskals,0.6323819160461426
50,75,list,kruskals,0.5993838310241699
50,75,list,kruskals,0.5436828136444092
50,75,list,kruskals,0.6380200386047363
50,75,list,kruskals,0.7161688804626465
50,75,list,kruskals,0.6900322437286377
50,75,list,kruskals,0.6654379367828369
50,75,list,kruskals,0.7306311130523682
50,100,matrix,prims,34.60286808013916
50,100,matrix,prims,26.369972944259644
50,100,matrix,prims,24.032351970672607
50,100,matrix,prims,27.510655164718628
50,100,matrix,prims,25.296356201171875
50,100,matrix,prims,30.872939109802246
50,100,matrix,prims,26.667838096618652
50,100,matrix,prims,23.901745796203613
50,100,matrix,prims,26.845634937286377
50,100,matrix,prims,27.583513021469116
50,100,matrix,kruskals,27.91685914993286
50,100,matrix,kruskals,30.010926961898804
50,100,matrix,kruskals,27.040027141571045
50,100,matrix,kruskals,25.017083883285522
50,100,matrix,kruskals,39.530879974365234
50,100,matrix,kruskals,28.25087881088257
50,100,matrix,kruskals,25.158203840255737
50,100,matrix,kruskals,44.00728511810303
50,100,matrix,kruskals,29.113165140151978
50,100,matrix,kruskals,32.462433099746704
50,100,list,prims,0.6591947078704834
50,100,list,prims,0.6850612163543701
50,100,list,prims,0.6969130039215088
50,100,list,prims,0.6100242137908936
50,100,list,prims,0.6755170822143555
50,100,list,prims,0.6788458824157715
50,100,list,prims,0.7494239807128906
50,100,list,prims,0.6790730953216553
50,100,list,prims,0.9365189075469971
50,100,list,prims,0.5417249202728271
50,100,list,kruskals,0.5799102783203125
50,100,list,kruskals,0.6519739627838135
50,100,list,kruskals,0.5437359809875488
50,100,list,kruskals,0.5553689002990723
50,100,list,kruskals,0.5317871570587158
50,100,list,kruskals,0.8633358478546143
50,100,list,kruskals,0.6910731792449951
50,100,list,kruskals,0.7277820110321045
50,100,list,kruskals,0.5630979537963867
50,100,list,kruskals,0.5438747406005859
